{
  "resourceType" : "ValueSet",
  "id" : "f8dcfaef-ae3b-4bde-8e86-c2cc89baca70-8",
  "url" : "http://hl7.org/fhir/comparison/ValueSet/f8dcfaef-ae3b-4bde-8e86-c2cc89baca70-8",
  "name" : "UnionDAV_VS_ERP_ZusatzdatenHerstellungHerstellerSchluesselAndMedicationDispense Performer Function Codes",
  "title" : "Union of null And Medication dispense  performer  function  codes",
  "status" : "active",
  "date" : "2023-01-06T13:31:33+01:00",
  "expansion" : {
    "contains" : [{
      "system" : "http://fhir.abda.de/eRezeptAbgabedaten/CodeSystem/DAV-CS-ERP-ZusatzdatenHerstellungHerstellerSchluessel",
      "code" : "1",
      "display" : "Eigenfertigung"
    },
    {
      "system" : "http://fhir.abda.de/eRezeptAbgabedaten/CodeSystem/DAV-CS-ERP-ZusatzdatenHerstellungHerstellerSchluessel",
      "code" : "2",
      "display" : "Fremdfertigung"
    },
    {
      "system" : "http://terminology.hl7.org/CodeSystem/medicationdispense-performer-function",
      "version" : "4.0.1",
      "code" : "dataenterer",
      "display" : "Data Enterer"
    },
    {
      "system" : "http://terminology.hl7.org/CodeSystem/medicationdispense-performer-function",
      "version" : "4.0.1",
      "code" : "packager",
      "display" : "Packager"
    },
    {
      "system" : "http://terminology.hl7.org/CodeSystem/medicationdispense-performer-function",
      "version" : "4.0.1",
      "code" : "checker",
      "display" : "Checker"
    },
    {
      "system" : "http://terminology.hl7.org/CodeSystem/medicationdispense-performer-function",
      "version" : "4.0.1",
      "code" : "finalchecker",
      "display" : "Final Checker"
    }]
  }
}