{
  "resourceType" : "ValueSet",
  "id" : "484b1852-926c-44a7-9201-7d34cdbaa434-5",
  "url" : "http://hl7.org/fhir/comparison/ValueSet/484b1852-926c-44a7-9201-7d34cdbaa434-5",
  "name" : "UnionFlowtypeVSAndGEM_ERP_VS_FlowType",
  "title" : "Union of ValueSet of Flowtype Codes And ValueSet of Flowtype Codes",
  "status" : "draft",
  "date" : "2023-01-06T12:42:21+01:00",
  "expansion" : {
    "contains" : [{
      "system" : "https://gematik.de/fhir/CodeSystem/Flowtype",
      "code" : "160",
      "display" : "Muster 16 (Apothekenpflichtige Arzneimittel)"
    },
    {
      "system" : "https://gematik.de/fhir/CodeSystem/Flowtype",
      "code" : "169",
      "display" : "Muster 16 (Direkte Zuweisung)"
    },
    {
      "system" : "https://gematik.de/fhir/CodeSystem/Flowtype",
      "code" : "200",
      "display" : "PKV (Apothekenpflichtige Arzneimittel)"
    },
    {
      "system" : "https://gematik.de/fhir/erp/CodeSystem/GEM_ERP_CS_FlowType",
      "version" : "1.2",
      "code" : "160",
      "display" : "Muster 16 (Apothekenpflichtige Arzneimittel)"
    },
    {
      "system" : "https://gematik.de/fhir/erp/CodeSystem/GEM_ERP_CS_FlowType",
      "version" : "1.2",
      "code" : "165",
      "display" : "Muster 16 (Betäubungsmittel)"
    },
    {
      "system" : "https://gematik.de/fhir/erp/CodeSystem/GEM_ERP_CS_FlowType",
      "version" : "1.2",
      "code" : "166",
      "display" : "Muster 16 (T-Rezepte)"
    },
    {
      "system" : "https://gematik.de/fhir/erp/CodeSystem/GEM_ERP_CS_FlowType",
      "version" : "1.2",
      "code" : "169",
      "display" : "Muster 16 (Direkte Zuweisung)"
    },
    {
      "system" : "https://gematik.de/fhir/erp/CodeSystem/GEM_ERP_CS_FlowType",
      "version" : "1.2",
      "code" : "200",
      "display" : "PKV (Apothekenpflichtige Arzneimittel)"
    },
    {
      "system" : "https://gematik.de/fhir/erp/CodeSystem/GEM_ERP_CS_FlowType",
      "version" : "1.2",
      "code" : "205",
      "display" : "PKV (Betäubungsmittel)"
    },
    {
      "system" : "https://gematik.de/fhir/erp/CodeSystem/GEM_ERP_CS_FlowType",
      "version" : "1.2",
      "code" : "206",
      "display" : "PKV (T-Rezepte)"
    },
    {
      "system" : "https://gematik.de/fhir/erp/CodeSystem/GEM_ERP_CS_FlowType",
      "version" : "1.2",
      "code" : "209",
      "display" : "PKV (Direkte Zuweisung)"
    }]
  }
}