{
  "resourceType" : "ValueSet",
  "id" : "aebc9a64-55ef-4182-9bef-680dd435d298-5",
  "url" : "http://hl7.org/fhir/comparison/ValueSet/aebc9a64-55ef-4182-9bef-680dd435d298-5",
  "name" : "UnionConsentTypeVSAndGEM_ERPCHRG_VS_ConsentType",
  "title" : "Union of ValueSet of Consent Codes And ValueSet of Consent Codes",
  "status" : "draft",
  "date" : "2023-01-06T12:50:42+01:00",
  "compose" : {
    "include" : [{
      "system" : "https://gematik.de/fhir/erpchrg/CodeSystem/GEM_ERPCHRG_CS_ConsentType"
    }]
  },
  "expansion" : {
    "contains" : [{
      "system" : "https://gematik.de/fhir/CodeSystem/Consenttype",
      "code" : "CHARGCONS",
      "display" : "Consent for saving electronic charge item"
    },
    {
      "system" : "https://gematik.de/fhir/erpchrg/CodeSystem/GEM_ERPCHRG_CS_ConsentType",
      "code" : "CHARGCONS",
      "display" : "Consent for saving electronic charge item"
    }]
  }
}