{
  "resourceType" : "ValueSet",
  "id" : "aebc9a64-55ef-4182-9bef-680dd435d298-12",
  "url" : "http://hl7.org/fhir/comparison/ValueSet/aebc9a64-55ef-4182-9bef-680dd435d298-12",
  "name" : "IntersectionIdentifier Type CodesAndIdentifierTypeDeBasis",
  "title" : "Intersection of IdentifierType And null",
  "status" : "active",
  "date" : "2023-01-06T12:50:42+01:00",
  "expansion" : {
    "contains" : [{
      "system" : "http://terminology.hl7.org/CodeSystem/v2-0203",
      "code" : "DL"
    },
    {
      "system" : "http://terminology.hl7.org/CodeSystem/v2-0203",
      "code" : "PPN"
    },
    {
      "system" : "http://terminology.hl7.org/CodeSystem/v2-0203",
      "code" : "BRN"
    },
    {
      "system" : "http://terminology.hl7.org/CodeSystem/v2-0203",
      "code" : "MR"
    },
    {
      "system" : "http://terminology.hl7.org/CodeSystem/v2-0203",
      "code" : "MCN"
    },
    {
      "system" : "http://terminology.hl7.org/CodeSystem/v2-0203",
      "code" : "EN"
    },
    {
      "system" : "http://terminology.hl7.org/CodeSystem/v2-0203",
      "code" : "TAX"
    },
    {
      "system" : "http://terminology.hl7.org/CodeSystem/v2-0203",
      "code" : "NIIP"
    },
    {
      "system" : "http://terminology.hl7.org/CodeSystem/v2-0203",
      "code" : "PRN"
    },
    {
      "system" : "http://terminology.hl7.org/CodeSystem/v2-0203",
      "code" : "MD"
    },
    {
      "system" : "http://terminology.hl7.org/CodeSystem/v2-0203",
      "code" : "DR"
    },
    {
      "system" : "http://terminology.hl7.org/CodeSystem/v2-0203",
      "code" : "ACSN"
    },
    {
      "system" : "http://terminology.hl7.org/CodeSystem/v2-0203",
      "code" : "UDI"
    },
    {
      "system" : "http://terminology.hl7.org/CodeSystem/v2-0203",
      "code" : "SNO"
    },
    {
      "system" : "http://terminology.hl7.org/CodeSystem/v2-0203",
      "code" : "SB"
    },
    {
      "system" : "http://terminology.hl7.org/CodeSystem/v2-0203",
      "code" : "PLAC"
    },
    {
      "system" : "http://terminology.hl7.org/CodeSystem/v2-0203",
      "code" : "FILL"
    },
    {
      "system" : "http://terminology.hl7.org/CodeSystem/v2-0203",
      "code" : "JHN"
    }]
  }
}