{
  "resourceType" : "ValueSet",
  "id" : "62a2067b-d0d5-42a3-9793-ebc6df3a1aa1-5",
  "url" : "http://hl7.org/fhir/comparison/ValueSet/62a2067b-d0d5-42a3-9793-ebc6df3a1aa1-5",
  "name" : "UnionAvailabilityStatusVSAndGEM_ERP_VS_AvailabilityStatus",
  "title" : "Union of ValueSet of AvailabilityStatus Codes And ValueSet of AvailabilityStatus Codes",
  "status" : "draft",
  "date" : "2023-01-06T12:26:22+01:00",
  "expansion" : {
    "contains" : [{
      "system" : "https://gematik.de/fhir/CodeSystem/AvailabilityStatus",
      "code" : "10",
      "display" : "sofort verfügbar"
    },
    {
      "system" : "https://gematik.de/fhir/CodeSystem/AvailabilityStatus",
      "code" : "20",
      "display" : "noch Heute verfügbar"
    },
    {
      "system" : "https://gematik.de/fhir/CodeSystem/AvailabilityStatus",
      "code" : "30",
      "display" : "am nächsten Werktag - vormittags"
    },
    {
      "system" : "https://gematik.de/fhir/CodeSystem/AvailabilityStatus",
      "code" : "40",
      "display" : "am nächsten Werktag- nachmittags"
    },
    {
      "system" : "https://gematik.de/fhir/CodeSystem/AvailabilityStatus",
      "code" : "50",
      "display" : "nicht verfügbar"
    },
    {
      "system" : "https://gematik.de/fhir/CodeSystem/AvailabilityStatus",
      "code" : "90",
      "display" : "unbekannt"
    },
    {
      "system" : "https://gematik.de/fhir/erp/CodeSystem/GEM_ERP_CS_AvailabilityStatus",
      "version" : "1.2",
      "code" : "10",
      "display" : "sofort verfügbar"
    },
    {
      "system" : "https://gematik.de/fhir/erp/CodeSystem/GEM_ERP_CS_AvailabilityStatus",
      "version" : "1.2",
      "code" : "20",
      "display" : "noch Heute verfügbar"
    },
    {
      "system" : "https://gematik.de/fhir/erp/CodeSystem/GEM_ERP_CS_AvailabilityStatus",
      "version" : "1.2",
      "code" : "30",
      "display" : "am nächsten Werktag - vormittags"
    },
    {
      "system" : "https://gematik.de/fhir/erp/CodeSystem/GEM_ERP_CS_AvailabilityStatus",
      "version" : "1.2",
      "code" : "40",
      "display" : "am nächsten Werktag- nachmittags"
    },
    {
      "system" : "https://gematik.de/fhir/erp/CodeSystem/GEM_ERP_CS_AvailabilityStatus",
      "version" : "1.2",
      "code" : "50",
      "display" : "nicht verfügbar"
    },
    {
      "system" : "https://gematik.de/fhir/erp/CodeSystem/GEM_ERP_CS_AvailabilityStatus",
      "version" : "1.2",
      "code" : "90",
      "display" : "unbekannt"
    }]
  }
}