{
  "resourceType" : "StructureDefinition",
  "id" : "6b57f13f-d924-4404-bd8d-3143e48ba85f-9",
  "url" : "http://hl7.org/fhir/comparison/StructureDefinition/6b57f13f-d924-4404-bd8d-3143e48ba85f-9",
  "name" : "IntersectionDAV_PR_Base_ApothekeAndDAV_PR_Base_Apotheke",
  "title" : "Intersection of DAV_PR_Base_Apotheke And DAV_PR_Base_Apotheke",
  "status" : "active",
  "date" : "2023-01-06T13:27:47+01:00",
  "snapshot" : {
    "element" : [{
      "path" : "Organization",
      "short" : "A grouping of people or organizations with a common purpose",
      "definition" : "A formally or informally recognized grouping of people or organizations formed for the purpose of achieving some form of collective action.  Includes companies, institutions, corporations, departments, community groups, healthcare practice groups, payer/insurer, etc.",
      "min" : 0,
      "max" : "*",
      "constraint" : [{
        "key" : "dom-2",
        "severity" : "error",
        "human" : "If the resource is contained in another resource, it SHALL NOT contain nested Resources",
        "expression" : "contained.contained.empty()",
        "source" : "http://hl7.org/fhir/StructureDefinition/DomainResource"
      },
      {
        "key" : "dom-4",
        "severity" : "error",
        "human" : "If a resource is contained in another resource, it SHALL NOT have a meta.versionId or a meta.lastUpdated",
        "expression" : "contained.meta.versionId.empty() and contained.meta.lastUpdated.empty()",
        "source" : "http://hl7.org/fhir/StructureDefinition/DomainResource"
      },
      {
        "key" : "dom-3",
        "severity" : "error",
        "human" : "If the resource is contained in another resource, it SHALL be referred to from elsewhere in the resource or SHALL refer to the containing resource",
        "expression" : "contained.where((('#'+id in (%resource.descendants().reference | %resource.descendants().as(canonical) | %resource.descendants().as(uri) | %resource.descendants().as(url))) or descendants().where(reference = '#').exists() or descendants().where(as(canonical) = '#').exists() or descendants().where(as(canonical) = '#').exists()).not()).trace('unmatched', id).empty()",
        "source" : "http://hl7.org/fhir/StructureDefinition/DomainResource"
      },
      {
        "extension" : [{
          "url" : "http://hl7.org/fhir/StructureDefinition/elementdefinition-bestpractice",
          "valueBoolean" : true
        },
        {
          "url" : "http://hl7.org/fhir/StructureDefinition/elementdefinition-bestpractice-explanation",
          "valueMarkdown" : "When a resource has no narrative, only systems that fully understand the data can display the resource to a human safely. Including a human readable representation in the resource makes for a much more robust eco-system and cheaper handling of resources by intermediary systems. Some ecosystems restrict distribution of resources to only those systems that do fully understand the resources, and as a consequence implementers may believe that the narrative is superfluous. However experience shows that such eco-systems often open up to new participants over time."
        }],
        "key" : "dom-6",
        "severity" : "warning",
        "human" : "A resource should have narrative for robust management",
        "expression" : "text.`div`.exists()",
        "source" : "http://hl7.org/fhir/StructureDefinition/DomainResource"
      },
      {
        "key" : "dom-5",
        "severity" : "error",
        "human" : "If a resource is contained in another resource, it SHALL NOT have a security label",
        "expression" : "contained.meta.security.empty()",
        "source" : "http://hl7.org/fhir/StructureDefinition/DomainResource"
      },
      {
        "key" : "org-1",
        "severity" : "error",
        "human" : "The organization SHALL at least have a name or an identifier, and possibly more than one",
        "expression" : "(identifier.count() + name.count()) > 0",
        "source" : "http://hl7.org/fhir/StructureDefinition/Organization"
      }],
      "mustSupport" : false,
      "isModifier" : false,
      "isSummary" : false,
      "mapping" : [{
        "identity" : "rim",
        "map" : "Entity. Role, or Act"
      },
      {
        "identity" : "v2",
        "map" : "(also see master files messages)"
      },
      {
        "identity" : "rim",
        "map" : "Organization(classCode=ORG, determinerCode=INST)"
      },
      {
        "identity" : "servd",
        "map" : "Organization"
      }]
    },
    {
      "path" : "Organization.id",
      "short" : "Logical id of this artifact",
      "definition" : "The logical id of the resource, as used in the URL for the resource. Once assigned, this value never changes.",
      "comment" : "The only time that a resource does not have an id is when it is being submitted to the server using a create operation.",
      "min" : 0,
      "max" : "1",
      "type" : [{
        "extension" : [{
          "url" : "http://hl7.org/fhir/StructureDefinition/structuredefinition-fhir-type",
          "valueUrl" : "id"
        }],
        "code" : "http://hl7.org/fhirpath/System.String"
      }],
      "mustSupport" : false,
      "isModifier" : false,
      "isSummary" : true
    },
    {
      "path" : "Organization.meta",
      "short" : "Metadata about a resource",
      "definition" : "The metadata about a resource. This is content in the resource that is maintained by the infrastructure. Changes to the content might not always be associated with version changes to the resource.",
      "min" : 1,
      "max" : "1",
      "type" : [{
        "code" : "Meta",
        "profile" : ["http://fhir.abda.de/StructureDefinition/DAV-PR-ERP-AbgabedatenMeta",
        "#sd-DAV-PR-ERP-AbgabedatenMeta-DAV-PR-ERP-AbgabedatenMeta"]
      }],
      "constraint" : [{
        "key" : "ele-1",
        "severity" : "error",
        "human" : "All FHIR elements must have a @value or children",
        "expression" : "hasValue() or (children().count() > id.count())",
        "source" : "http://hl7.org/fhir/StructureDefinition/Element"
      }],
      "mustSupport" : false,
      "isModifier" : false,
      "isSummary" : false,
      "mapping" : [{
        "identity" : "rim",
        "map" : "n/a"
      },
      {
        "identity" : "rim",
        "map" : "N/A"
      }]
    },
    {
      "path" : "Organization.implicitRules",
      "short" : "A set of rules under which this content was created",
      "definition" : "A reference to a set of rules that were followed when the resource was constructed, and which must be understood when processing the content. Often, this is a reference to an implementation guide that defines the special rules along with other profiles etc.",
      "comment" : "Asserting this rule set restricts the content to be only understood by a limited set of trading partners. This inherently limits the usefulness of the data in the long term. However, the existing health eco-system is highly fractured, and not yet ready to define, collect, and exchange data in a generally computable sense. Wherever possible, implementers and/or specification writers should avoid using this element. Often, when used, the URL is a reference to an implementation guide that defines these special rules as part of it's narrative along with other profiles, value sets, etc.",
      "min" : 0,
      "max" : "0",
      "type" : [{
        "code" : "uri"
      }],
      "constraint" : [{
        "key" : "ele-1",
        "severity" : "error",
        "human" : "All FHIR elements must have a @value or children",
        "expression" : "hasValue() or (children().count() > id.count())",
        "source" : "http://hl7.org/fhir/StructureDefinition/Element"
      }],
      "mustSupport" : false,
      "isModifier" : true,
      "isSummary" : true,
      "mapping" : [{
        "identity" : "rim",
        "map" : "n/a"
      }]
    },
    {
      "path" : "Organization.language",
      "short" : "Language of the resource content",
      "definition" : "The base language in which the resource is written.",
      "comment" : "Language is provided to support indexing and accessibility (typically, services such as text to speech use the language tag). The html language tag in the narrative applies  to the narrative. The language tag on the resource may be used to specify the language of other presentations generated from the data in the resource. Not all the content has to be in the base language. The Resource.language should not be assumed to apply to the narrative automatically. If a language is specified, it should it also be specified on the div element in the html (see rules in HTML5 for information about the relationship between xml:lang and the html lang attribute).",
      "min" : 0,
      "max" : "0",
      "type" : [{
        "code" : "code"
      }],
      "constraint" : [{
        "key" : "ele-1",
        "severity" : "error",
        "human" : "All FHIR elements must have a @value or children",
        "expression" : "hasValue() or (children().count() > id.count())",
        "source" : "http://hl7.org/fhir/StructureDefinition/Element"
      }],
      "mustSupport" : false,
      "isModifier" : false,
      "isSummary" : false,
      "binding" : {
        "extension" : [{
          "url" : "http://hl7.org/fhir/StructureDefinition/elementdefinition-maxValueSet",
          "valueCanonical" : "http://hl7.org/fhir/ValueSet/all-languages"
        },
        {
          "url" : "http://hl7.org/fhir/StructureDefinition/elementdefinition-bindingName",
          "valueString" : "Language"
        },
        {
          "url" : "http://hl7.org/fhir/StructureDefinition/elementdefinition-isCommonBinding",
          "valueBoolean" : true
        }],
        "strength" : "preferred",
        "description" : "A human language.",
        "valueSet" : "http://hl7.org/fhir/ValueSet/languages"
      },
      "mapping" : [{
        "identity" : "rim",
        "map" : "n/a"
      }]
    },
    {
      "path" : "Organization.text",
      "short" : "Text summary of the resource, for human interpretation",
      "definition" : "A human-readable narrative that contains a summary of the resource and can be used to represent the content of the resource to a human. The narrative need not encode all the structured data, but is required to contain sufficient detail to make it \"clinically safe\" for a human to just read the narrative. Resource definitions may define what content should be represented in the narrative to ensure clinical safety.",
      "comment" : "Contained resources do not have narrative. Resources that are not contained SHOULD have a narrative. In some cases, a resource may only have text with little or no additional discrete data (as long as all minOccurs=1 elements are satisfied).  This may be necessary for data from legacy systems where information is captured as a \"text blob\" or where text is additionally entered raw or narrated and encoded information is added later.",
      "alias" : ["narrative",
      "html",
      "xhtml",
      "display"],
      "min" : 0,
      "max" : "0",
      "type" : [{
        "code" : "Narrative"
      }],
      "constraint" : [{
        "key" : "ele-1",
        "severity" : "error",
        "human" : "All FHIR elements must have a @value or children",
        "expression" : "hasValue() or (children().count() > id.count())",
        "source" : "http://hl7.org/fhir/StructureDefinition/Element"
      }],
      "mustSupport" : false,
      "isModifier" : false,
      "isSummary" : false,
      "mapping" : [{
        "identity" : "rim",
        "map" : "n/a"
      },
      {
        "identity" : "rim",
        "map" : "N/A"
      },
      {
        "identity" : "rim",
        "map" : "Act.text?"
      }]
    },
    {
      "path" : "Organization.contained",
      "short" : "Contained, inline Resources",
      "definition" : "These resources do not have an independent existence apart from the resource that contains them - they cannot be identified independently, and nor can they have their own independent transaction scope.",
      "comment" : "This should never be done when the content can be identified properly, as once identification is lost, it is extremely difficult (and context dependent) to restore it again. Contained resources may have profiles and tags In their meta elements, but SHALL NOT have security labels.",
      "alias" : ["inline resources",
      "anonymous resources",
      "contained resources"],
      "min" : 0,
      "max" : "0",
      "type" : [{
        "code" : "Resource"
      }],
      "mustSupport" : false,
      "isModifier" : false,
      "isSummary" : false,
      "mapping" : [{
        "identity" : "rim",
        "map" : "Entity. Role, or Act"
      },
      {
        "identity" : "rim",
        "map" : "N/A"
      }]
    },
    {
      "path" : "Organization.extension",
      "short" : "Additional content defined by implementations",
      "definition" : "May be used to represent additional information that is not part of the basic definition of the resource. To make the use of extensions safe and manageable, there is a strict set of governance  applied to the definition and use of extensions. Though any implementer can define an extension, there is a set of requirements that SHALL be met as part of the definition of the extension.",
      "comment" : "There can be no stigma associated with the use of extensions by any application, project, or standard - regardless of the institution or jurisdiction that uses or defines the extensions.  The use of extensions is what allows the FHIR specification to retain a core level of simplicity for everyone.",
      "alias" : ["extensions",
      "user content"],
      "min" : 0,
      "max" : "*",
      "type" : [{
        "code" : "Extension"
      }],
      "constraint" : [{
        "key" : "ele-1",
        "severity" : "error",
        "human" : "All FHIR elements must have a @value or children",
        "expression" : "hasValue() or (children().count() > id.count())",
        "source" : "http://hl7.org/fhir/StructureDefinition/Element"
      },
      {
        "key" : "ext-1",
        "severity" : "error",
        "human" : "Must have either extensions or value[x], not both",
        "expression" : "extension.exists() != value.exists()",
        "source" : "http://hl7.org/fhir/StructureDefinition/DomainResource"
      }],
      "mustSupport" : false,
      "isModifier" : false,
      "isSummary" : false,
      "mapping" : [{
        "identity" : "rim",
        "map" : "n/a"
      },
      {
        "identity" : "rim",
        "map" : "N/A"
      }]
    },
    {
      "path" : "Organization.modifierExtension",
      "short" : "Extensions that cannot be ignored",
      "definition" : "May be used to represent additional information that is not part of the basic definition of the resource and that modifies the understanding of the element that contains it and/or the understanding of the containing element's descendants. Usually modifier elements provide negation or qualification. To make the use of extensions safe and manageable, there is a strict set of governance applied to the definition and use of extensions. Though any implementer is allowed to define an extension, there is a set of requirements that SHALL be met as part of the definition of the extension. Applications processing a resource are required to check for modifier extensions.\n\nModifier extensions SHALL NOT change the meaning of any elements on Resource or DomainResource (including cannot change the meaning of modifierExtension itself).",
      "comment" : "There can be no stigma associated with the use of extensions by any application, project, or standard - regardless of the institution or jurisdiction that uses or defines the extensions.  The use of extensions is what allows the FHIR specification to retain a core level of simplicity for everyone.",
      "requirements" : "Modifier extensions allow for extensions that *cannot* be safely ignored to be clearly distinguished from the vast majority of extensions which can be safely ignored.  This promotes interoperability by eliminating the need for implementers to prohibit the presence of extensions. For further information, see the [definition of modifier extensions].",
      "alias" : ["extensions",
      "user content"],
      "min" : 0,
      "max" : "*",
      "type" : [{
        "code" : "Extension"
      }],
      "constraint" : [{
        "key" : "ele-1",
        "severity" : "error",
        "human" : "All FHIR elements must have a @value or children",
        "expression" : "hasValue() or (children().count() > id.count())",
        "source" : "http://hl7.org/fhir/StructureDefinition/Element"
      },
      {
        "key" : "ext-1",
        "severity" : "error",
        "human" : "Must have either extensions or value[x], not both",
        "expression" : "extension.exists() != value.exists()",
        "source" : "http://hl7.org/fhir/StructureDefinition/DomainResource"
      }],
      "mustSupport" : false,
      "isModifier" : true,
      "isSummary" : false,
      "mapping" : [{
        "identity" : "rim",
        "map" : "n/a"
      },
      {
        "identity" : "rim",
        "map" : "N/A"
      }]
    },
    {
      "path" : "Organization.identifier",
      "short" : "An identifier intended for computation",
      "definition" : "An identifier - identifies some entity uniquely and unambiguously. Typically this is used for business identifiers.",
      "requirements" : "Organizations are known by a variety of ids. Some institutions maintain several, and most collect identifiers for exchange with other organizations concerning the organization.",
      "min" : 1,
      "max" : "1",
      "type" : [{
        "code" : "Identifier",
        "profile" : ["http://fhir.de/StructureDefinition/identifier-iknr",
        "#sd-identifier-iknr-identifier-iknr"]
      }],
      "constraint" : [{
        "key" : "ele-1",
        "severity" : "error",
        "human" : "All FHIR elements must have a @value or children",
        "expression" : "hasValue() or (children().count() > id.count())",
        "source" : "http://hl7.org/fhir/StructureDefinition/Element"
      }],
      "mustSupport" : false,
      "isModifier" : false,
      "isSummary" : false,
      "mapping" : [{
        "identity" : "rim",
        "map" : "n/a"
      },
      {
        "identity" : "v2",
        "map" : "CX / EI (occasionally, more often EI maps to a resource id or a URL)"
      },
      {
        "identity" : "rim",
        "map" : "II - The Identifier class is a little looser than the v3 type II because it allows URIs as well as registered OIDs or GUIDs.  Also maps to Role[classCode=IDENT]"
      },
      {
        "identity" : "servd",
        "map" : "Identifier"
      }]
    },
    {
      "path" : "Organization.identifier.id",
      "representation" : ["xmlAttr"],
      "short" : "Unique id for inter-element referencing",
      "definition" : "Unique id for the element within a resource (for internal references). This may be any string value that does not contain spaces.",
      "min" : 0,
      "max" : "1",
      "type" : [{
        "extension" : [{
          "url" : "http://hl7.org/fhir/StructureDefinition/structuredefinition-fhir-type",
          "valueUrl" : "string"
        }],
        "code" : "http://hl7.org/fhirpath/System.String"
      }],
      "mustSupport" : false,
      "isModifier" : false,
      "isSummary" : false,
      "mapping" : [{
        "identity" : "rim",
        "map" : "n/a"
      }]
    },
    {
      "path" : "Organization.identifier.extension",
      "short" : "Additional content defined by implementations",
      "definition" : "May be used to represent additional information that is not part of the basic definition of the element. To make the use of extensions safe and manageable, there is a strict set of governance  applied to the definition and use of extensions. Though any implementer can define an extension, there is a set of requirements that SHALL be met as part of the definition of the extension.",
      "comment" : "There can be no stigma associated with the use of extensions by any application, project, or standard - regardless of the institution or jurisdiction that uses or defines the extensions.  The use of extensions is what allows the FHIR specification to retain a core level of simplicity for everyone.",
      "alias" : ["extensions",
      "user content"],
      "min" : 0,
      "max" : "*",
      "type" : [{
        "code" : "Extension"
      }],
      "constraint" : [{
        "key" : "ele-1",
        "severity" : "error",
        "human" : "All FHIR elements must have a @value or children",
        "expression" : "hasValue() or (children().count() > id.count())",
        "source" : "http://hl7.org/fhir/StructureDefinition/Element"
      },
      {
        "key" : "ext-1",
        "severity" : "error",
        "human" : "Must have either extensions or value[x], not both",
        "expression" : "extension.exists() != value.exists()",
        "source" : "http://hl7.org/fhir/StructureDefinition/DomainResource"
      }],
      "mustSupport" : false,
      "isModifier" : false,
      "isSummary" : false,
      "mapping" : [{
        "identity" : "rim",
        "map" : "n/a"
      },
      {
        "identity" : "rim",
        "map" : "N/A"
      }]
    },
    {
      "path" : "Organization.identifier.use",
      "short" : "usual | official | temp | secondary | old (If known)",
      "definition" : "The purpose of this identifier.",
      "comment" : "Applications can assume that an identifier is permanent unless it explicitly says that it is temporary.",
      "requirements" : "Allows the appropriate identifier for a particular context of use to be selected from among a set of identifiers.",
      "min" : 0,
      "max" : "0",
      "type" : [{
        "code" : "code"
      }],
      "constraint" : [{
        "key" : "ele-1",
        "severity" : "error",
        "human" : "All FHIR elements must have a @value or children",
        "expression" : "hasValue() or (children().count() > id.count())",
        "source" : "http://hl7.org/fhir/StructureDefinition/Element"
      }],
      "mustSupport" : false,
      "isModifier" : true,
      "isSummary" : true,
      "binding" : {
        "strength" : "required",
        "description" : "Identifies the purpose for this identifier, if known .",
        "valueSet" : "http://hl7.org/fhir/ValueSet/identifier-use|4.0.1"
      },
      "mapping" : [{
        "identity" : "rim",
        "map" : "n/a"
      },
      {
        "identity" : "v2",
        "map" : "N/A"
      },
      {
        "identity" : "rim",
        "map" : "Role.code or implied by context"
      }]
    },
    {
      "path" : "Organization.identifier.type",
      "short" : "Description of identifier",
      "definition" : "A coded type for the identifier that can be used to determine which identifier to use for a specific purpose.",
      "comment" : "This element deals only with general categories of identifiers.  It SHOULD not be used for codes that correspond 1..1 with the Identifier.system. Some identifiers may fall into multiple categories due to common usage.   Where the system is known, a type is unnecessary because the type is always part of the system definition. However systems often need to handle identifiers where the system is not known. There is not a 1:1 relationship between type and system, since many different systems have the same type.",
      "requirements" : "Allows users to make use of identifiers when the identifier system is not known.",
      "min" : 0,
      "max" : "0",
      "type" : [{
        "code" : "CodeableConcept"
      }],
      "constraint" : [{
        "key" : "ele-1",
        "severity" : "error",
        "human" : "All FHIR elements must have a @value or children",
        "expression" : "hasValue() or (children().count() > id.count())",
        "source" : "http://hl7.org/fhir/StructureDefinition/Element"
      }],
      "mustSupport" : false,
      "isModifier" : false,
      "isSummary" : true,
      "binding" : {
        "strength" : "extensible",
        "description" : "A coded type for an identifier that can be used to determine which identifier to use for a specific purpose.",
        "valueSet" : "http://hl7.org/fhir/ValueSet/identifier-type"
      },
      "mapping" : [{
        "identity" : "rim",
        "map" : "n/a"
      },
      {
        "identity" : "v2",
        "map" : "CE/CNE/CWE"
      },
      {
        "identity" : "rim",
        "map" : "CD"
      },
      {
        "identity" : "orim",
        "map" : "fhir:CodeableConcept rdfs:subClassOf dt:CD"
      },
      {
        "identity" : "v2",
        "map" : "CX.5"
      },
      {
        "identity" : "rim",
        "map" : "Role.code or implied by context"
      }]
    },
    {
      "path" : "Organization.identifier.system",
      "short" : "The namespace for the identifier value",
      "definition" : "Establishes the namespace for the value - that is, a URL that describes a set values that are unique.",
      "comment" : "Identifier.system is always case sensitive.",
      "requirements" : "There are many sets  of identifiers.  To perform matching of two identifiers, we need to know what set we're dealing with. The system identifies a particular set of unique identifiers.",
      "min" : 1,
      "max" : "1",
      "type" : [{
        "code" : "uri"
      }],
      "example" : [{
        "label" : "General",
        "valueUri" : "http://www.acme.com/identifiers/patient"
      }],
      "constraint" : [{
        "key" : "ele-1",
        "severity" : "error",
        "human" : "All FHIR elements must have a @value or children",
        "expression" : "hasValue() or (children().count() > id.count())",
        "source" : "http://hl7.org/fhir/StructureDefinition/Element"
      }],
      "mustSupport" : false,
      "isModifier" : false,
      "isSummary" : true,
      "mapping" : [{
        "identity" : "rim",
        "map" : "n/a"
      },
      {
        "identity" : "v2",
        "map" : "CX.4 / EI-2-4"
      },
      {
        "identity" : "rim",
        "map" : "II.root or Role.id.root"
      },
      {
        "identity" : "servd",
        "map" : "./IdentifierType"
      }]
    },
    {
      "path" : "Organization.identifier.value",
      "short" : "Apotheken-IK",
      "definition" : "Institutionskennzeichen der abgebenden Apotheke nach § 293 Absatz 5 SGB V",
      "comment" : "If the value is a full URI, then the system SHALL be urn:ietf:rfc:3986.  The value's primary purpose is computational mapping.  As a result, it may be normalized for comparison purposes (e.g. removing non-significant whitespace, dashes, etc.)  A value formatted for human display can be conveyed using the [Rendered Value extension]. Identifier.value is to be treated as case sensitive unless knowledge of the Identifier.system allows the processer to be confident that non-case-sensitive processing is safe.",
      "min" : 1,
      "max" : "1",
      "type" : [{
        "code" : "string"
      }],
      "example" : [{
        "label" : "General",
        "valueString" : "123456"
      }],
      "constraint" : [{
        "key" : "ele-1",
        "severity" : "error",
        "human" : "All FHIR elements must have a @value or children",
        "expression" : "hasValue() or (children().count() > id.count())",
        "source" : "http://hl7.org/fhir/StructureDefinition/Element"
      },
      {
        "key" : "ik-1",
        "severity" : "warning",
        "human" : "Eine IK muss 8- (ohne Prüfziffer) oder 9-stellig (mit Prüfziffer) sein",
        "expression" : "matches('[0-9]{8,9}')",
        "source" : "http://fhir.de/StructureDefinition/identifier-iknr"
      },
      {
        "key" : "PR-Apotheke-1",
        "severity" : "error",
        "human" : "Eine IK muss 9-stellig (mit Prüfziffer) sein!",
        "expression" : "matches('[0-9]{9}')",
        "source" : "http://fhir.abda.de/eRezeptAbgabedaten/StructureDefinition/DAV-PR-Base-Apotheke"
      }],
      "mustSupport" : false,
      "isModifier" : false,
      "isSummary" : true,
      "mapping" : [{
        "identity" : "rim",
        "map" : "n/a"
      },
      {
        "identity" : "v2",
        "map" : "CX.1 / EI.1"
      },
      {
        "identity" : "rim",
        "map" : "II.extension or II.root if system indicates OID or GUID (Or Role.id.extension or root)"
      },
      {
        "identity" : "servd",
        "map" : "./Value"
      }]
    },
    {
      "path" : "Organization.identifier.period",
      "short" : "Time period when id is/was valid for use",
      "definition" : "Time period during which identifier is/was valid for use.",
      "comment" : "A Period specifies a range of time; the context of use will specify whether the entire range applies (e.g. \"the patient was an inpatient of the hospital for this time range\") or one value from the range applies (e.g. \"give to the patient between these two times\").\n\nPeriod is not used for a duration (a measure of elapsed time). See [Duration].",
      "min" : 0,
      "max" : "0",
      "type" : [{
        "code" : "Period"
      }],
      "constraint" : [{
        "key" : "ele-1",
        "severity" : "error",
        "human" : "All FHIR elements must have a @value or children",
        "expression" : "hasValue() or (children().count() > id.count())",
        "source" : "http://hl7.org/fhir/StructureDefinition/Element"
      },
      {
        "key" : "per-1",
        "severity" : "error",
        "human" : "If present, start SHALL have a lower value than end",
        "expression" : "start.hasValue().not() or end.hasValue().not() or (start <= end)",
        "source" : "http://hl7.org/fhir/StructureDefinition/EffectEvidenceSynthesis"
      }],
      "mustSupport" : false,
      "isModifier" : false,
      "isSummary" : true,
      "mapping" : [{
        "identity" : "rim",
        "map" : "n/a"
      },
      {
        "identity" : "v2",
        "map" : "DR"
      },
      {
        "identity" : "rim",
        "map" : "IVL<TS>[lowClosed=\"true\" and highClosed=\"true\"] or URG<TS>[lowClosed=\"true\" and highClosed=\"true\"]"
      },
      {
        "identity" : "v2",
        "map" : "CX.7 + CX.8"
      },
      {
        "identity" : "rim",
        "map" : "Role.effectiveTime or implied by context"
      },
      {
        "identity" : "servd",
        "map" : "./StartDate and ./EndDate"
      }]
    },
    {
      "path" : "Organization.identifier.assigner",
      "short" : "Organization that issued id (may be just text)",
      "definition" : "Organization that issued/manages the identifier.",
      "comment" : "The Identifier.assigner may omit the .reference element and only contain a .display element reflecting the name or other textual information about the assigning organization.",
      "min" : 0,
      "max" : "0",
      "type" : [{
        "code" : "Reference",
        "targetProfile" : ["http://hl7.org/fhir/StructureDefinition/Organization"]
      }],
      "constraint" : [{
        "key" : "ele-1",
        "severity" : "error",
        "human" : "All FHIR elements must have a @value or children",
        "expression" : "hasValue() or (children().count() > id.count())",
        "source" : "http://hl7.org/fhir/StructureDefinition/Element"
      },
      {
        "key" : "ref-1",
        "severity" : "error",
        "human" : "SHALL have a contained resource if a local reference is provided",
        "expression" : "reference.startsWith('#').not() or (reference.substring(1).trace('url') in %rootResource.contained.id.trace('ids'))",
        "source" : "http://hl7.org/fhir/StructureDefinition/DetectedIssue"
      }],
      "mustSupport" : false,
      "isModifier" : false,
      "isSummary" : true,
      "mapping" : [{
        "identity" : "rim",
        "map" : "n/a"
      },
      {
        "identity" : "rim",
        "map" : "The target of a resource reference is a RIM entry point (Act, Role, or Entity)"
      },
      {
        "identity" : "v2",
        "map" : "CX.4 / (CX.4,CX.9,CX.10)"
      },
      {
        "identity" : "rim",
        "map" : "II.assigningAuthorityName but note that this is an improper use by the definition of the field.  Also Role.scoper"
      },
      {
        "identity" : "servd",
        "map" : "./IdentifierIssuingAuthority"
      }]
    },
    {
      "path" : "Organization.active",
      "short" : "Whether the organization's record is still in active use",
      "definition" : "Whether the organization's record is still in active use.",
      "comment" : "This active flag is not intended to be used to mark an organization as temporarily closed or under construction. Instead the Location(s) within the Organization should have the suspended status. If further details of the reason for the suspension are required, then an extension on this element should be used.\n\nThis element is labeled as a modifier because it may be used to mark that the resource was created in error.",
      "requirements" : "Need a flag to indicate a record is no longer to be used and should generally be hidden for the user in the UI.",
      "min" : 0,
      "max" : "0",
      "type" : [{
        "code" : "boolean"
      }],
      "meaningWhenMissing" : "This resource is generally assumed to be active if no value is provided for the active element",
      "constraint" : [{
        "key" : "ele-1",
        "severity" : "error",
        "human" : "All FHIR elements must have a @value or children",
        "expression" : "hasValue() or (children().count() > id.count())",
        "source" : "http://hl7.org/fhir/StructureDefinition/Element"
      }],
      "mustSupport" : false,
      "isModifier" : true,
      "isSummary" : true,
      "mapping" : [{
        "identity" : "rim",
        "map" : "n/a"
      },
      {
        "identity" : "w5",
        "map" : "FiveWs.status"
      },
      {
        "identity" : "v2",
        "map" : "No equivalent in HL7 v2"
      },
      {
        "identity" : "rim",
        "map" : ".status"
      },
      {
        "identity" : "servd",
        "map" : "./Status (however this concept in ServD more covers why the organization is active or not, could be delisted, deregistered, not operational yet) this could alternatively be derived from ./StartDate and ./EndDate and given a context date."
      }]
    },
    {
      "path" : "Organization.type",
      "short" : "Kind of organization",
      "definition" : "The kind(s) of organization that this is.",
      "comment" : "Organizations can be corporations, wards, sections, clinical teams, government departments, etc. Note that code is generally a classifier of the type of organization; in many applications, codes are used to identity a particular organization (say, ward) as opposed to another of the same type - these are identifiers, not codes\n\nWhen considering if multiple types are appropriate, you should evaluate if child organizations would be a more appropriate use of the concept, as different types likely are in different sub-areas of the organization. This is most likely to be used where type values have orthogonal values, such as a religious, academic and medical center.\n\nWe expect that some jurisdictions will profile this optionality to be a single cardinality.",
      "requirements" : "Need to be able to track the kind of organization that this is - different organization types have different uses.",
      "min" : 0,
      "max" : "0",
      "type" : [{
        "code" : "CodeableConcept"
      }],
      "constraint" : [{
        "key" : "ele-1",
        "severity" : "error",
        "human" : "All FHIR elements must have a @value or children",
        "expression" : "hasValue() or (children().count() > id.count())",
        "source" : "http://hl7.org/fhir/StructureDefinition/Element"
      }],
      "mustSupport" : false,
      "isModifier" : false,
      "isSummary" : true,
      "binding" : {
        "extension" : [{
          "url" : "http://hl7.org/fhir/StructureDefinition/elementdefinition-bindingName",
          "valueString" : "OrganizationType"
        }],
        "strength" : "example",
        "description" : "Used to categorize the organization.",
        "valueSet" : "http://hl7.org/fhir/ValueSet/organization-type"
      },
      "mapping" : [{
        "identity" : "rim",
        "map" : "n/a"
      },
      {
        "identity" : "v2",
        "map" : "CE/CNE/CWE"
      },
      {
        "identity" : "rim",
        "map" : "CD"
      },
      {
        "identity" : "orim",
        "map" : "fhir:CodeableConcept rdfs:subClassOf dt:CD"
      },
      {
        "identity" : "w5",
        "map" : "FiveWs.class"
      },
      {
        "identity" : "v2",
        "map" : "No equivalent in v2"
      },
      {
        "identity" : "rim",
        "map" : ".code"
      },
      {
        "identity" : "servd",
        "map" : "n/a"
      }]
    },
    {
      "path" : "Organization.name",
      "short" : "Apothekenname oder Inhaber",
      "definition" : "Der Name der Apotheke oder der Name des Inhabers.",
      "comment" : "If the name of an organization changes, consider putting the old name in the alias column so that it can still be located through searches.",
      "requirements" : "Need to use the name as the label of the organization.",
      "min" : 1,
      "max" : "1",
      "type" : [{
        "code" : "string"
      }],
      "maxLength" : 45,
      "constraint" : [{
        "key" : "ele-1",
        "severity" : "error",
        "human" : "All FHIR elements must have a @value or children",
        "expression" : "hasValue() or (children().count() > id.count())",
        "source" : "http://hl7.org/fhir/StructureDefinition/Element"
      }],
      "mustSupport" : false,
      "isModifier" : false,
      "isSummary" : true,
      "mapping" : [{
        "identity" : "rim",
        "map" : "n/a"
      },
      {
        "identity" : "v2",
        "map" : "XON.1"
      },
      {
        "identity" : "rim",
        "map" : ".name"
      },
      {
        "identity" : "servd",
        "map" : ".PreferredName/Name"
      }]
    },
    {
      "path" : "Organization.alias",
      "short" : "A list of alternate names that the organization is known as, or was known as in the past",
      "definition" : "A list of alternate names that the organization is known as, or was known as in the past.",
      "comment" : "There are no dates associated with the alias/historic names, as this is not intended to track when names were used, but to assist in searching so that older names can still result in identifying the organization.",
      "requirements" : "Over time locations and organizations go through many changes and can be known by different names.\n\nFor searching knowing previous names that the organization was known by can be very useful.",
      "min" : 0,
      "max" : "0",
      "type" : [{
        "code" : "string"
      }],
      "constraint" : [{
        "key" : "ele-1",
        "severity" : "error",
        "human" : "All FHIR elements must have a @value or children",
        "expression" : "hasValue() or (children().count() > id.count())",
        "source" : "http://hl7.org/fhir/StructureDefinition/Element"
      }],
      "mustSupport" : false,
      "isModifier" : false,
      "isSummary" : false,
      "mapping" : [{
        "identity" : "rim",
        "map" : "n/a"
      },
      {
        "identity" : "rim",
        "map" : ".name"
      }]
    },
    {
      "path" : "Organization.telecom",
      "short" : "A contact detail for the organization",
      "definition" : "A contact detail for the organization.",
      "comment" : "The use code 'home' is not to be used. Note that these contacts are not the contact details of people who are employed by or represent the organization, but official contacts for the organization itself.",
      "requirements" : "Human contact for the organization.",
      "min" : 0,
      "max" : "0",
      "type" : [{
        "code" : "ContactPoint"
      }],
      "constraint" : [{
        "key" : "ele-1",
        "severity" : "error",
        "human" : "All FHIR elements must have a @value or children",
        "expression" : "hasValue() or (children().count() > id.count())",
        "source" : "http://hl7.org/fhir/StructureDefinition/Element"
      },
      {
        "key" : "cpt-2",
        "severity" : "error",
        "human" : "A system is required if a value is provided.",
        "expression" : "value.empty() or system.exists()",
        "source" : "http://hl7.org/fhir/StructureDefinition/HealthcareService"
      },
      {
        "key" : "org-3",
        "severity" : "error",
        "human" : "The telecom of an organization can never be of use 'home'",
        "expression" : "where(use = 'home').empty()",
        "source" : "http://hl7.org/fhir/StructureDefinition/Organization"
      }],
      "mustSupport" : false,
      "isModifier" : false,
      "isSummary" : false,
      "mapping" : [{
        "identity" : "rim",
        "map" : "n/a"
      },
      {
        "identity" : "v2",
        "map" : "XTN"
      },
      {
        "identity" : "rim",
        "map" : "TEL"
      },
      {
        "identity" : "servd",
        "map" : "ContactPoint"
      },
      {
        "identity" : "v2",
        "map" : "ORC-22?"
      },
      {
        "identity" : "rim",
        "map" : ".telecom"
      },
      {
        "identity" : "servd",
        "map" : "./ContactPoints"
      }]
    },
    {
      "path" : "Organization.address",
      "short" : "Eine Adresse gemäß postalischer Konventionen",
      "definition" : "Eine Adresse gemäß postalischer Konventionen (im Gegensatz zu bspw. GPS-Koordinaten). Die Adresse kann sowohl zur Zustellung von Postsendungen oder zum Aufsuchen von Orten, die keine gültige Postadresse haben, verwendet werden.\r\n\r\nDie verwendeten Extensions in diesem Profil bilden die Struktur der Adresse ab, wie sie im VSDM-Format der elektronischen Versichertenkarte verwendet wird.\r\n\r\nInsbesondere bei ausländischen Adresse oder Adressen, die nicht durch Einlesen einer elektronischen Versichertenkarte erfasst wurden, sind abweichende Strukturen möglich. Die Verwendung der Extensions ist nicht verpflichtend.",
      "comment" : "Note: address is intended to describe postal addresses for administrative purposes, not to describe absolute geographical coordinates.  Postal addresses are often used as proxies for physical locations (also see the [Location] resource).",
      "requirements" : "May need to keep track of the organization's addresses for contacting, billing or reporting requirements.",
      "min" : 1,
      "max" : "1",
      "type" : [{
        "code" : "Address",
        "profile" : ["http://fhir.de/StructureDefinition/address-de-basis",
        "#sd-address-de-basis-address-de-basis"]
      }],
      "example" : [{
        "label" : "Beispiel für einfache Adresse",
        "valueAddress" : {
          "use" : "home",
          "type" : "postal",
          "line" : ["Musterweg 42"],
          "city" : "Musterhausen",
          "postalCode" : "99999"
        }
      }],
      "constraint" : [{
        "key" : "ele-1",
        "severity" : "error",
        "human" : "All FHIR elements must have a @value or children",
        "expression" : "hasValue() or (children().count() > id.count())",
        "source" : "http://hl7.org/fhir/StructureDefinition/Element"
      },
      {
        "key" : "add-1",
        "severity" : "error",
        "human" : "Wenn die Extension 'Hausnummer' verwendet wird, muss auch Address.line gefüllt werden",
        "expression" : "line.all($this.extension('http://hl7.org/fhir/StructureDefinition/iso21090-ADXP-houseNumber').empty() or $this.hasValue())",
        "source" : "http://fhir.de/StructureDefinition/address-de-basis"
      },
      {
        "key" : "add-2",
        "severity" : "error",
        "human" : "Wenn die Extension 'Strasse' verwendet wird, muss auch Address.line gefüllt werden",
        "expression" : "line.all($this.extension('http://hl7.org/fhir/StructureDefinition/iso21090-ADXP-streetName').empty() or $this.hasValue())",
        "source" : "http://fhir.de/StructureDefinition/address-de-basis"
      },
      {
        "key" : "add-3",
        "severity" : "error",
        "human" : "Wenn die Extension 'Postfach' verwendet wird, muss auch Address.line gefüllt werden",
        "expression" : "line.all($this.extension('http://hl7.org/fhir/StructureDefinition/iso21090-ADXP-postBox').empty() or $this.hasValue())",
        "source" : "http://fhir.de/StructureDefinition/address-de-basis"
      },
      {
        "key" : "add-4",
        "severity" : "warning",
        "human" : "Eine Postfach-Adresse darf nicht vom Type \"physical\" oder \"both\" sein.",
        "expression" : "line.all($this.extension('http://hl7.org/fhir/StructureDefinition/iso21090-ADXP-postBox').empty() or $this.hasValue()) or type='postal' or type.empty()",
        "source" : "http://fhir.de/StructureDefinition/address-de-basis"
      },
      {
        "key" : "add-5",
        "severity" : "error",
        "human" : "Wenn die Extension 'Adresszusatz' verwendet wird, muss auch Address.line gefüllt werden",
        "expression" : "line.all($this.extension('http://hl7.org/fhir/StructureDefinition/iso21090-ADXP-additionalLocator').empty() or $this.hasValue())",
        "source" : "http://fhir.de/StructureDefinition/address-de-basis"
      },
      {
        "key" : "add-6",
        "severity" : "warning",
        "human" : "Wenn die Extension 'Postfach' verwendet wird, dürfen die Extensions 'Strasse' und 'Hausnummer' nicht verwendet werden",
        "expression" : "line.all($this.extension('http://hl7.org/fhir/StructureDefinition/iso21090-ADXP-postBox').empty() or ($this.extension('http://hl7.org/fhir/StructureDefinition/iso21090-ADXP-streetName').empty() and $this.extension('http://hl7.org/fhir/StructureDefinition/iso21090-ADXP-houseNumber').empty()))",
        "source" : "http://fhir.de/StructureDefinition/address-de-basis"
      },
      {
        "key" : "add-7",
        "severity" : "warning",
        "human" : "Wenn die Extension 'Precinct' (Stadtteil) verwendet wird, dann muss diese Information auch als separates line-item abgebildet sein.",
        "expression" : "extension('http://hl7.org/fhir/StructureDefinition/iso21090-ADXP-precinct').empty() or all(line contains extension('http://hl7.org/fhir/StructureDefinition/iso21090-ADXP-precinct').value.ofType(string))",
        "source" : "http://fhir.de/StructureDefinition/address-de-basis"
      },
      {
        "key" : "org-2",
        "severity" : "error",
        "human" : "An address of an organization can never be of use 'home'",
        "expression" : "where(use = 'home').empty()",
        "source" : "http://hl7.org/fhir/StructureDefinition/Organization"
      }],
      "mustSupport" : false,
      "isModifier" : false,
      "isSummary" : false,
      "mapping" : [{
        "identity" : "rim",
        "map" : "n/a"
      },
      {
        "identity" : "v2",
        "map" : "XAD"
      },
      {
        "identity" : "rim",
        "map" : "AD"
      },
      {
        "identity" : "servd",
        "map" : "Address"
      }]
    },
    {
      "path" : "Organization.address.id",
      "representation" : ["xmlAttr"],
      "short" : "Unique id for inter-element referencing",
      "definition" : "Unique id for the element within a resource (for internal references). This may be any string value that does not contain spaces.",
      "min" : 0,
      "max" : "1",
      "type" : [{
        "extension" : [{
          "url" : "http://hl7.org/fhir/StructureDefinition/structuredefinition-fhir-type",
          "valueUrl" : "string"
        }],
        "code" : "http://hl7.org/fhirpath/System.String"
      }],
      "mustSupport" : false,
      "isModifier" : false,
      "isSummary" : false,
      "mapping" : [{
        "identity" : "rim",
        "map" : "n/a"
      }]
    },
    {
      "path" : "Organization.address.extension",
      "short" : "Extension",
      "definition" : "An Extension",
      "min" : 0,
      "max" : "0",
      "type" : [{
        "code" : "Extension"
      }],
      "constraint" : [{
        "key" : "ele-1",
        "severity" : "error",
        "human" : "All FHIR elements must have a @value or children",
        "expression" : "hasValue() or (children().count() > id.count())",
        "source" : "http://hl7.org/fhir/StructureDefinition/Element"
      },
      {
        "key" : "ext-1",
        "severity" : "error",
        "human" : "Must have either extensions or value[x], not both",
        "expression" : "extension.exists() != value.exists()",
        "source" : "http://hl7.org/fhir/StructureDefinition/DomainResource"
      }],
      "mustSupport" : false,
      "isModifier" : false,
      "isSummary" : false
    },
    {
      "path" : "Organization.address.use",
      "short" : "home | work | temp | old | billing - purpose of this address",
      "definition" : "The purpose of this address.",
      "comment" : "Applications can assume that an address is current unless it explicitly says that it is temporary or old.",
      "requirements" : "Allows an appropriate address to be chosen from a list of many.",
      "min" : 0,
      "max" : "0",
      "type" : [{
        "code" : "code"
      }],
      "example" : [{
        "label" : "General",
        "valueCode" : "home"
      }],
      "constraint" : [{
        "key" : "ele-1",
        "severity" : "error",
        "human" : "All FHIR elements must have a @value or children",
        "expression" : "hasValue() or (children().count() > id.count())",
        "source" : "http://hl7.org/fhir/StructureDefinition/Element"
      }],
      "mustSupport" : false,
      "isModifier" : true,
      "isSummary" : true,
      "binding" : {
        "strength" : "required",
        "description" : "The use of an address.",
        "valueSet" : "http://hl7.org/fhir/ValueSet/address-use|4.0.1"
      },
      "mapping" : [{
        "identity" : "rim",
        "map" : "n/a"
      },
      {
        "identity" : "v2",
        "map" : "XAD.7"
      },
      {
        "identity" : "rim",
        "map" : "unique(./use)"
      },
      {
        "identity" : "servd",
        "map" : "./AddressPurpose"
      }]
    },
    {
      "path" : "Organization.address.type",
      "short" : "postal | physical | both",
      "definition" : "Distinguishes between physical addresses (those you can visit) and mailing addresses (e.g. PO Boxes and care-of addresses). Most addresses are both.",
      "comment" : "The definition of Address states that \"address is intended to describe postal addresses, not physical locations\". However, many applications track whether an address has a dual purpose of being a location that can be visited as well as being a valid delivery destination, and Postal addresses are often used as proxies for physical locations (also see the [Location] resource).",
      "min" : 1,
      "max" : "1",
      "type" : [{
        "code" : "code"
      }],
      "example" : [{
        "label" : "General",
        "valueCode" : "both"
      }],
      "constraint" : [{
        "key" : "ele-1",
        "severity" : "error",
        "human" : "All FHIR elements must have a @value or children",
        "expression" : "hasValue() or (children().count() > id.count())",
        "source" : "http://hl7.org/fhir/StructureDefinition/Element"
      }],
      "mustSupport" : false,
      "isModifier" : false,
      "isSummary" : true,
      "binding" : {
        "strength" : "required",
        "description" : "The type of an address (physical / postal).",
        "valueSet" : "http://hl7.org/fhir/ValueSet/address-type|4.0.1"
      },
      "mapping" : [{
        "identity" : "rim",
        "map" : "n/a"
      },
      {
        "identity" : "v2",
        "map" : "XAD.18"
      },
      {
        "identity" : "rim",
        "map" : "unique(./use)"
      },
      {
        "identity" : "vcard",
        "map" : "address type parameter"
      },
      {
        "identity" : "BDT",
        "map" : "1202 (1=physical, 2=postal)"
      }]
    },
    {
      "path" : "Organization.address.text",
      "short" : "Text representation of the address",
      "definition" : "Specifies the entire address as it should be displayed e.g. on a postal label. This may be provided instead of or as well as the specific parts.",
      "comment" : "Can provide both a text representation and parts. Applications updating an address SHALL ensure that  when both text and parts are present,  no content is included in the text that isn't found in a part.",
      "requirements" : "A renderable, unencoded form.",
      "min" : 0,
      "max" : "0",
      "type" : [{
        "code" : "string"
      }],
      "example" : [{
        "label" : "General",
        "valueString" : "137 Nowhere Street, Erewhon 9132"
      }],
      "constraint" : [{
        "key" : "ele-1",
        "severity" : "error",
        "human" : "All FHIR elements must have a @value or children",
        "expression" : "hasValue() or (children().count() > id.count())",
        "source" : "http://hl7.org/fhir/StructureDefinition/Element"
      }],
      "mustSupport" : false,
      "isModifier" : false,
      "isSummary" : true,
      "mapping" : [{
        "identity" : "rim",
        "map" : "n/a"
      },
      {
        "identity" : "v2",
        "map" : "XAD.1 + XAD.2 + XAD.3 + XAD.4 + XAD.5 + XAD.6"
      },
      {
        "identity" : "rim",
        "map" : "./formatted"
      },
      {
        "identity" : "vcard",
        "map" : "address label parameter"
      }]
    },
    {
      "path" : "Organization.address.line",
      "short" : "Straßenname mit Hausnummer oder Postfach sowie weitere Angaben zur Zustellung",
      "definition" : "Diese Komponente kann Straßennamen, Hausnummer, Appartmentnummer, Postfach, c/o sowie weitere Zustellungshinweise enthalten. Die Informationen können in mehrere line-Komponenten aufgeteilt werden.\r\nBei Verwendung der Extensions, um Straße, Hausnnummer und Postleitzahl strukturiert zu übermitteln, müssen diese Informationen stets vollständig auch in der line-Komponente, die sie erweitern, enthalten sein, um es Systemen, die diese Extensions nicht verwenden zu ermöglichen, auf diese Informationen zugreifen zu können.",
      "comment" : "Note that FHIR strings SHALL NOT exceed 1MB in size",
      "min" : 1,
      "max" : "1",
      "type" : [{
        "code" : "string"
      }],
      "example" : [{
        "label" : "General",
        "valueString" : "137 Nowhere Street"
      },
      {
        "label" : "Beipiel für Adresszeile mit Extensions für Straße und Hausnummer",
        "valueString" : "Musterweg 42",
        "_valueString" : {
          "extension" : [{
            "url" : "http://hl7.org/fhir/StructureDefinition/iso21090-ADXP-streetName",
            "valueString" : "Musterweg 42"
          },
          {
            "url" : "http://hl7.org/fhir/StructureDefinition/iso21090-ADXP-houseNumber",
            "valueString" : "42"
          }]
        }
      }],
      "constraint" : [{
        "key" : "ele-1",
        "severity" : "error",
        "human" : "All FHIR elements must have a @value or children",
        "expression" : "hasValue() or (children().count() > id.count())",
        "source" : "http://hl7.org/fhir/StructureDefinition/Element"
      }],
      "mustSupport" : false,
      "isModifier" : false,
      "isSummary" : true,
      "mapping" : [{
        "identity" : "rim",
        "map" : "n/a"
      },
      {
        "identity" : "v2",
        "map" : "XAD.1 + XAD.2 (note: XAD.1 and XAD.2 have different meanings for a company address than for a person address)"
      },
      {
        "identity" : "rim",
        "map" : "AD.part[parttype = AL]"
      },
      {
        "identity" : "vcard",
        "map" : "street"
      },
      {
        "identity" : "servd",
        "map" : "./StreetAddress (newline delimitted)"
      },
      {
        "identity" : "KVDT",
        "map" : "3107 + 3109 + 3115 oder 3123"
      },
      {
        "identity" : "BDT",
        "map" : "3107 + 3109 + 3115 oder 3123"
      }]
    },
    {
      "path" : "Organization.address.line.id",
      "representation" : ["xmlAttr"],
      "short" : "Unique id for inter-element referencing",
      "definition" : "Unique id for the element within a resource (for internal references). This may be any string value that does not contain spaces.",
      "min" : 0,
      "max" : "1",
      "type" : [{
        "extension" : [{
          "url" : "http://hl7.org/fhir/StructureDefinition/structuredefinition-fhir-type",
          "valueUrl" : "string"
        }],
        "code" : "http://hl7.org/fhirpath/System.String"
      }],
      "mustSupport" : false,
      "isModifier" : false,
      "isSummary" : false,
      "mapping" : [{
        "identity" : "rim",
        "map" : "n/a"
      }]
    },
    {
      "path" : "Organization.address.line.extension",
      "short" : "Extension",
      "definition" : "An Extension",
      "min" : 2,
      "max" : "*",
      "type" : [{
        "code" : "Extension"
      }],
      "constraint" : [{
        "key" : "ele-1",
        "severity" : "error",
        "human" : "All FHIR elements must have a @value or children",
        "expression" : "hasValue() or (children().count() > id.count())",
        "source" : "http://hl7.org/fhir/StructureDefinition/Element"
      },
      {
        "key" : "ext-1",
        "severity" : "error",
        "human" : "Must have either extensions or value[x], not both",
        "expression" : "extension.exists() != value.exists()",
        "source" : "http://hl7.org/fhir/StructureDefinition/DomainResource"
      }],
      "mustSupport" : false,
      "isModifier" : false,
      "isSummary" : false
    },
    {
      "path" : "Organization.address.line.value",
      "representation" : ["xmlAttr"],
      "short" : "Primitive value for string",
      "definition" : "Primitive value for string",
      "min" : 0,
      "max" : "1",
      "type" : [{
        "extension" : [{
          "url" : "http://hl7.org/fhir/StructureDefinition/structuredefinition-fhir-type",
          "valueUrl" : "string"
        },
        {
          "url" : "http://hl7.org/fhir/StructureDefinition/regex",
          "valueString" : "[ \\r\\n\\t\\S]+"
        }],
        "code" : "http://hl7.org/fhirpath/System.String"
      }],
      "maxLength" : 1048576,
      "mustSupport" : false,
      "isModifier" : false,
      "isSummary" : false
    },
    {
      "path" : "Organization.address.city",
      "short" : "Ortsname",
      "definition" : "Ortsname der Apotheke",
      "comment" : "Note that FHIR strings SHALL NOT exceed 1MB in size",
      "alias" : ["Municpality"],
      "min" : 1,
      "max" : "1",
      "type" : [{
        "code" : "string"
      }],
      "example" : [{
        "label" : "General",
        "valueString" : "Erewhon"
      }],
      "maxLength" : 40,
      "constraint" : [{
        "key" : "ele-1",
        "severity" : "error",
        "human" : "All FHIR elements must have a @value or children",
        "expression" : "hasValue() or (children().count() > id.count())",
        "source" : "http://hl7.org/fhir/StructureDefinition/Element"
      }],
      "mustSupport" : false,
      "isModifier" : false,
      "isSummary" : true,
      "mapping" : [{
        "identity" : "rim",
        "map" : "n/a"
      },
      {
        "identity" : "v2",
        "map" : "XAD.3"
      },
      {
        "identity" : "rim",
        "map" : "AD.part[parttype = CTY]"
      },
      {
        "identity" : "vcard",
        "map" : "locality"
      },
      {
        "identity" : "servd",
        "map" : "./Jurisdiction"
      },
      {
        "identity" : "BDT",
        "map" : "3113 oder 3122 (Postfach)"
      },
      {
        "identity" : "KVDT",
        "map" : "3113 oder 3122 (Postfach)"
      }]
    },
    {
      "path" : "Organization.address.district",
      "short" : "District name (aka county)",
      "definition" : "The name of the administrative area (county).",
      "comment" : "District is sometimes known as county, but in some regions 'county' is used in place of city (municipality), so county name should be conveyed in city instead.",
      "alias" : ["County"],
      "min" : 0,
      "max" : "0",
      "type" : [{
        "code" : "string"
      }],
      "example" : [{
        "label" : "General",
        "valueString" : "Madison"
      }],
      "constraint" : [{
        "key" : "ele-1",
        "severity" : "error",
        "human" : "All FHIR elements must have a @value or children",
        "expression" : "hasValue() or (children().count() > id.count())",
        "source" : "http://hl7.org/fhir/StructureDefinition/Element"
      }],
      "mustSupport" : false,
      "isModifier" : false,
      "isSummary" : true,
      "mapping" : [{
        "identity" : "rim",
        "map" : "n/a"
      },
      {
        "identity" : "v2",
        "map" : "XAD.9"
      },
      {
        "identity" : "rim",
        "map" : "AD.part[parttype = CNT | CPA]"
      }]
    },
    {
      "path" : "Organization.address.state",
      "short" : "Bundesland",
      "definition" : "Name (oder Kürzel) des Bundeslandes.",
      "comment" : "Note that FHIR strings SHALL NOT exceed 1MB in size",
      "alias" : ["Province",
      "Territory"],
      "min" : 0,
      "max" : "0",
      "type" : [{
        "code" : "string"
      }],
      "constraint" : [{
        "key" : "ele-1",
        "severity" : "error",
        "human" : "All FHIR elements must have a @value or children",
        "expression" : "hasValue() or (children().count() > id.count())",
        "source" : "http://hl7.org/fhir/StructureDefinition/Element"
      }],
      "mustSupport" : false,
      "isModifier" : false,
      "isSummary" : true,
      "binding" : {
        "strength" : "preferred",
        "valueSet" : "http://fhir.de/ValueSet/iso/bundeslaender"
      },
      "mapping" : [{
        "identity" : "rim",
        "map" : "n/a"
      },
      {
        "identity" : "v2",
        "map" : "XAD.4"
      },
      {
        "identity" : "rim",
        "map" : "AD.part[parttype = STA]"
      },
      {
        "identity" : "vcard",
        "map" : "region"
      },
      {
        "identity" : "servd",
        "map" : "./Region"
      }]
    },
    {
      "path" : "Organization.address.postalCode",
      "short" : "Postleitzahl",
      "definition" : "Postleitzahl gemäß der im jeweiligen Land gültigen Konventionen",
      "comment" : "Note that FHIR strings SHALL NOT exceed 1MB in size",
      "alias" : ["Zip"],
      "min" : 1,
      "max" : "1",
      "type" : [{
        "code" : "string"
      }],
      "example" : [{
        "label" : "General",
        "valueString" : "9132"
      }],
      "maxLength" : 10,
      "constraint" : [{
        "key" : "ele-1",
        "severity" : "error",
        "human" : "All FHIR elements must have a @value or children",
        "expression" : "hasValue() or (children().count() > id.count())",
        "source" : "http://hl7.org/fhir/StructureDefinition/Element"
      }],
      "mustSupport" : false,
      "isModifier" : false,
      "isSummary" : true,
      "mapping" : [{
        "identity" : "rim",
        "map" : "n/a"
      },
      {
        "identity" : "v2",
        "map" : "XAD.5"
      },
      {
        "identity" : "rim",
        "map" : "AD.part[parttype = ZIP]"
      },
      {
        "identity" : "vcard",
        "map" : "code"
      },
      {
        "identity" : "servd",
        "map" : "./PostalIdentificationCode"
      },
      {
        "identity" : "BDT",
        "map" : "3112 oder 3121 (Postfach)"
      },
      {
        "identity" : "KVDT",
        "map" : "3112 oder 3121 (Postfach)"
      }]
    },
    {
      "path" : "Organization.address.country",
      "short" : "Wohnsitzländercode",
      "definition" : "Wohnsitzländercode der Apotheke entsprechend dem gemeinsamen Rundschreiben DEÜV Anlage 08.",
      "comment" : "ISO 3166 3 letter codes can be used in place of a human readable country name.",
      "min" : 1,
      "max" : "1",
      "type" : [{
        "code" : "string"
      }],
      "maxLength" : 3,
      "constraint" : [{
        "key" : "ele-1",
        "severity" : "error",
        "human" : "All FHIR elements must have a @value or children",
        "expression" : "hasValue() or (children().count() > id.count())",
        "source" : "http://hl7.org/fhir/StructureDefinition/Element"
      }],
      "mustSupport" : false,
      "isModifier" : false,
      "isSummary" : true,
      "binding" : {
        "strength" : "extensible",
        "valueSet" : "http://fhir.abda.de/eRezeptAbgabedaten/ValueSet/DAV-VS-ERP-DEUEV-Anlage-8"
      },
      "mapping" : [{
        "identity" : "rim",
        "map" : "n/a"
      },
      {
        "identity" : "v2",
        "map" : "XAD.6"
      },
      {
        "identity" : "rim",
        "map" : "AD.part[parttype = CNT]"
      },
      {
        "identity" : "vcard",
        "map" : "country"
      },
      {
        "identity" : "servd",
        "map" : "./Country"
      },
      {
        "identity" : "BDT",
        "map" : "3114 oder 3124 (Postfach), abweichendes CodeSystem"
      },
      {
        "identity" : "KVDT",
        "map" : "3114 oder 3124 (Postfach), abweichendes CodeSystem"
      }]
    },
    {
      "path" : "Organization.address.period",
      "short" : "Time period when address was/is in use",
      "definition" : "Time period when address was/is in use.",
      "comment" : "A Period specifies a range of time; the context of use will specify whether the entire range applies (e.g. \"the patient was an inpatient of the hospital for this time range\") or one value from the range applies (e.g. \"give to the patient between these two times\").\n\nPeriod is not used for a duration (a measure of elapsed time). See [Duration].",
      "requirements" : "Allows addresses to be placed in historical context.",
      "min" : 0,
      "max" : "0",
      "type" : [{
        "code" : "Period"
      }],
      "example" : [{
        "label" : "General",
        "valuePeriod" : {
          "start" : "2010-03-23",
          "end" : "2010-07-01"
        }
      }],
      "constraint" : [{
        "key" : "ele-1",
        "severity" : "error",
        "human" : "All FHIR elements must have a @value or children",
        "expression" : "hasValue() or (children().count() > id.count())",
        "source" : "http://hl7.org/fhir/StructureDefinition/Element"
      },
      {
        "key" : "per-1",
        "severity" : "error",
        "human" : "If present, start SHALL have a lower value than end",
        "expression" : "start.hasValue().not() or end.hasValue().not() or (start <= end)",
        "source" : "http://hl7.org/fhir/StructureDefinition/EffectEvidenceSynthesis"
      }],
      "mustSupport" : false,
      "isModifier" : false,
      "isSummary" : true,
      "mapping" : [{
        "identity" : "rim",
        "map" : "n/a"
      },
      {
        "identity" : "v2",
        "map" : "DR"
      },
      {
        "identity" : "rim",
        "map" : "IVL<TS>[lowClosed=\"true\" and highClosed=\"true\"] or URG<TS>[lowClosed=\"true\" and highClosed=\"true\"]"
      },
      {
        "identity" : "v2",
        "map" : "XAD.12 / XAD.13 + XAD.14"
      },
      {
        "identity" : "rim",
        "map" : "./usablePeriod[type=\"IVL<TS>\"]"
      },
      {
        "identity" : "servd",
        "map" : "./StartDate and ./EndDate"
      }]
    },
    {
      "path" : "Organization.address.period.id",
      "representation" : ["xmlAttr"],
      "short" : "Unique id for inter-element referencing",
      "definition" : "Unique id for the element within a resource (for internal references). This may be any string value that does not contain spaces.",
      "min" : 0,
      "max" : "1",
      "type" : [{
        "extension" : [{
          "url" : "http://hl7.org/fhir/StructureDefinition/structuredefinition-fhir-type",
          "valueUrl" : "string"
        }],
        "code" : "http://hl7.org/fhirpath/System.String"
      }],
      "mustSupport" : false,
      "isModifier" : false,
      "isSummary" : false,
      "mapping" : [{
        "identity" : "rim",
        "map" : "n/a"
      }]
    },
    {
      "path" : "Organization.address.period.extension",
      "short" : "Additional content defined by implementations",
      "definition" : "May be used to represent additional information that is not part of the basic definition of the element. To make the use of extensions safe and manageable, there is a strict set of governance  applied to the definition and use of extensions. Though any implementer can define an extension, there is a set of requirements that SHALL be met as part of the definition of the extension.",
      "comment" : "There can be no stigma associated with the use of extensions by any application, project, or standard - regardless of the institution or jurisdiction that uses or defines the extensions.  The use of extensions is what allows the FHIR specification to retain a core level of simplicity for everyone.",
      "alias" : ["extensions",
      "user content"],
      "min" : 0,
      "max" : "*",
      "type" : [{
        "code" : "Extension"
      }],
      "constraint" : [{
        "key" : "ele-1",
        "severity" : "error",
        "human" : "All FHIR elements must have a @value or children",
        "expression" : "hasValue() or (children().count() > id.count())",
        "source" : "http://hl7.org/fhir/StructureDefinition/Element"
      },
      {
        "key" : "ext-1",
        "severity" : "error",
        "human" : "Must have either extensions or value[x], not both",
        "expression" : "extension.exists() != value.exists()",
        "source" : "http://hl7.org/fhir/StructureDefinition/DomainResource"
      }],
      "mustSupport" : false,
      "isModifier" : false,
      "isSummary" : false,
      "mapping" : [{
        "identity" : "rim",
        "map" : "n/a"
      },
      {
        "identity" : "rim",
        "map" : "N/A"
      }]
    },
    {
      "path" : "Organization.address.period.start",
      "short" : "Starting time with inclusive boundary",
      "definition" : "The start of the period. The boundary is inclusive.",
      "comment" : "If the low element is missing, the meaning is that the low boundary is not known.",
      "min" : 0,
      "max" : "1",
      "type" : [{
        "code" : "dateTime"
      }],
      "constraint" : [{
        "key" : "ele-1",
        "severity" : "error",
        "human" : "All FHIR elements must have a @value or children",
        "expression" : "hasValue() or (children().count() > id.count())",
        "source" : "http://hl7.org/fhir/StructureDefinition/Element"
      }],
      "mustSupport" : false,
      "isModifier" : false,
      "isSummary" : true,
      "mapping" : [{
        "identity" : "rim",
        "map" : "n/a"
      },
      {
        "identity" : "v2",
        "map" : "DR.1"
      },
      {
        "identity" : "rim",
        "map" : "./low"
      },
      {
        "identity" : "BDT",
        "map" : "8226"
      }]
    },
    {
      "path" : "Organization.address.period.end",
      "short" : "End time with inclusive boundary, if not ongoing",
      "definition" : "The end of the period. If the end of the period is missing, it means no end was known or planned at the time the instance was created. The start may be in the past, and the end date in the future, which means that period is expected/planned to end at that time.",
      "comment" : "The high value includes any matching date/time. i.e. 2012-02-03T10:00:00 is in a period that has an end value of 2012-02-03.",
      "min" : 0,
      "max" : "1",
      "type" : [{
        "code" : "dateTime"
      }],
      "meaningWhenMissing" : "If the end of the period is missing, it means that the period is ongoing",
      "constraint" : [{
        "key" : "ele-1",
        "severity" : "error",
        "human" : "All FHIR elements must have a @value or children",
        "expression" : "hasValue() or (children().count() > id.count())",
        "source" : "http://hl7.org/fhir/StructureDefinition/Element"
      }],
      "mustSupport" : false,
      "isModifier" : false,
      "isSummary" : true,
      "mapping" : [{
        "identity" : "rim",
        "map" : "n/a"
      },
      {
        "identity" : "v2",
        "map" : "DR.2"
      },
      {
        "identity" : "rim",
        "map" : "./high"
      },
      {
        "identity" : "BDT",
        "map" : "8227"
      }]
    },
    {
      "path" : "Organization.partOf",
      "short" : "The organization of which this organization forms a part",
      "definition" : "The organization of which this organization forms a part.",
      "comment" : "References SHALL be a reference to an actual FHIR resource, and SHALL be resolveable (allowing for access control, temporary unavailability, etc.). Resolution can be either by retrieval from the URL, or, where applicable by resource type, by treating an absolute reference as a canonical URL and looking it up in a local registry/repository.",
      "requirements" : "Need to be able to track the hierarchy of organizations within an organization.",
      "min" : 0,
      "max" : "0",
      "type" : [{
        "extension" : [{
          "url" : "http://hl7.org/fhir/StructureDefinition/structuredefinition-hierarchy",
          "valueBoolean" : true
        }],
        "code" : "Reference",
        "targetProfile" : ["http://hl7.org/fhir/StructureDefinition/Organization"]
      }],
      "constraint" : [{
        "key" : "ele-1",
        "severity" : "error",
        "human" : "All FHIR elements must have a @value or children",
        "expression" : "hasValue() or (children().count() > id.count())",
        "source" : "http://hl7.org/fhir/StructureDefinition/Element"
      },
      {
        "key" : "ref-1",
        "severity" : "error",
        "human" : "SHALL have a contained resource if a local reference is provided",
        "expression" : "reference.startsWith('#').not() or (reference.substring(1).trace('url') in %rootResource.contained.id.trace('ids'))",
        "source" : "http://hl7.org/fhir/StructureDefinition/DetectedIssue"
      }],
      "mustSupport" : false,
      "isModifier" : false,
      "isSummary" : true,
      "mapping" : [{
        "identity" : "rim",
        "map" : "n/a"
      },
      {
        "identity" : "rim",
        "map" : "The target of a resource reference is a RIM entry point (Act, Role, or Entity)"
      },
      {
        "identity" : "v2",
        "map" : "No equivalent in HL7 v2"
      },
      {
        "identity" : "rim",
        "map" : ".playedBy[classCode=Part].scoper"
      },
      {
        "identity" : "servd",
        "map" : "n/a"
      }]
    },
    {
      "path" : "Organization.contact",
      "short" : "Contact for the organization for a certain purpose",
      "definition" : "Contact for the organization for a certain purpose.",
      "comment" : "Where multiple contacts for the same purpose are provided there is a standard extension that can be used to determine which one is the preferred contact to use.",
      "requirements" : "Need to keep track of assigned contact points within bigger organization.",
      "min" : 0,
      "max" : "0",
      "type" : [{
        "code" : "BackboneElement"
      }],
      "constraint" : [{
        "key" : "ele-1",
        "severity" : "error",
        "human" : "All FHIR elements must have a @value or children",
        "expression" : "hasValue() or (children().count() > id.count())",
        "source" : "http://hl7.org/fhir/StructureDefinition/Element"
      }],
      "mustSupport" : false,
      "isModifier" : false,
      "isSummary" : false,
      "mapping" : [{
        "identity" : "rim",
        "map" : "n/a"
      },
      {
        "identity" : "rim",
        "map" : ".contactParty"
      }]
    },
    {
      "path" : "Organization.contact.id",
      "representation" : ["xmlAttr"],
      "short" : "Unique id for inter-element referencing",
      "definition" : "Unique id for the element within a resource (for internal references). This may be any string value that does not contain spaces.",
      "min" : 0,
      "max" : "1",
      "type" : [{
        "extension" : [{
          "url" : "http://hl7.org/fhir/StructureDefinition/structuredefinition-fhir-type",
          "valueUrl" : "string"
        }],
        "code" : "http://hl7.org/fhirpath/System.String"
      }],
      "mustSupport" : false,
      "isModifier" : false,
      "isSummary" : false,
      "mapping" : [{
        "identity" : "rim",
        "map" : "n/a"
      }]
    },
    {
      "path" : "Organization.contact.extension",
      "short" : "Additional content defined by implementations",
      "definition" : "May be used to represent additional information that is not part of the basic definition of the element. To make the use of extensions safe and manageable, there is a strict set of governance  applied to the definition and use of extensions. Though any implementer can define an extension, there is a set of requirements that SHALL be met as part of the definition of the extension.",
      "comment" : "There can be no stigma associated with the use of extensions by any application, project, or standard - regardless of the institution or jurisdiction that uses or defines the extensions.  The use of extensions is what allows the FHIR specification to retain a core level of simplicity for everyone.",
      "alias" : ["extensions",
      "user content"],
      "min" : 0,
      "max" : "*",
      "type" : [{
        "code" : "Extension"
      }],
      "constraint" : [{
        "key" : "ele-1",
        "severity" : "error",
        "human" : "All FHIR elements must have a @value or children",
        "expression" : "hasValue() or (children().count() > id.count())",
        "source" : "http://hl7.org/fhir/StructureDefinition/Element"
      },
      {
        "key" : "ext-1",
        "severity" : "error",
        "human" : "Must have either extensions or value[x], not both",
        "expression" : "extension.exists() != value.exists()",
        "source" : "http://hl7.org/fhir/StructureDefinition/DomainResource"
      }],
      "mustSupport" : false,
      "isModifier" : false,
      "isSummary" : false,
      "mapping" : [{
        "identity" : "rim",
        "map" : "n/a"
      },
      {
        "identity" : "rim",
        "map" : "N/A"
      }]
    },
    {
      "path" : "Organization.contact.modifierExtension",
      "short" : "Extensions that cannot be ignored even if unrecognized",
      "definition" : "May be used to represent additional information that is not part of the basic definition of the element and that modifies the understanding of the element in which it is contained and/or the understanding of the containing element's descendants. Usually modifier elements provide negation or qualification. To make the use of extensions safe and manageable, there is a strict set of governance applied to the definition and use of extensions. Though any implementer can define an extension, there is a set of requirements that SHALL be met as part of the definition of the extension. Applications processing a resource are required to check for modifier extensions.\n\nModifier extensions SHALL NOT change the meaning of any elements on Resource or DomainResource (including cannot change the meaning of modifierExtension itself).",
      "comment" : "There can be no stigma associated with the use of extensions by any application, project, or standard - regardless of the institution or jurisdiction that uses or defines the extensions.  The use of extensions is what allows the FHIR specification to retain a core level of simplicity for everyone.",
      "requirements" : "Modifier extensions allow for extensions that *cannot* be safely ignored to be clearly distinguished from the vast majority of extensions which can be safely ignored.  This promotes interoperability by eliminating the need for implementers to prohibit the presence of extensions. For further information, see the [definition of modifier extensions].",
      "alias" : ["extensions",
      "user content",
      "modifiers"],
      "min" : 0,
      "max" : "*",
      "type" : [{
        "code" : "Extension"
      }],
      "constraint" : [{
        "key" : "ele-1",
        "severity" : "error",
        "human" : "All FHIR elements must have a @value or children",
        "expression" : "hasValue() or (children().count() > id.count())",
        "source" : "http://hl7.org/fhir/StructureDefinition/Element"
      },
      {
        "key" : "ext-1",
        "severity" : "error",
        "human" : "Must have either extensions or value[x], not both",
        "expression" : "extension.exists() != value.exists()",
        "source" : "http://hl7.org/fhir/StructureDefinition/DomainResource"
      }],
      "mustSupport" : false,
      "isModifier" : true,
      "isSummary" : true,
      "mapping" : [{
        "identity" : "rim",
        "map" : "n/a"
      },
      {
        "identity" : "rim",
        "map" : "N/A"
      }]
    },
    {
      "path" : "Organization.contact.purpose",
      "short" : "The type of contact",
      "definition" : "Indicates a purpose for which the contact can be reached.",
      "comment" : "Not all terminology uses fit this general pattern. In some cases, models should not use CodeableConcept and use Coding directly and provide their own structure for managing text, codings, translations and the relationship between elements and pre- and post-coordination.",
      "requirements" : "Need to distinguish between multiple contact persons.",
      "min" : 0,
      "max" : "1",
      "type" : [{
        "code" : "CodeableConcept"
      }],
      "constraint" : [{
        "key" : "ele-1",
        "severity" : "error",
        "human" : "All FHIR elements must have a @value or children",
        "expression" : "hasValue() or (children().count() > id.count())",
        "source" : "http://hl7.org/fhir/StructureDefinition/Element"
      }],
      "mustSupport" : false,
      "isModifier" : false,
      "isSummary" : false,
      "binding" : {
        "strength" : "extensible",
        "description" : "The purpose for which you would contact a contact party.",
        "valueSet" : "http://hl7.org/fhir/ValueSet/contactentity-type"
      },
      "mapping" : [{
        "identity" : "rim",
        "map" : "n/a"
      },
      {
        "identity" : "v2",
        "map" : "CE/CNE/CWE"
      },
      {
        "identity" : "rim",
        "map" : "CD"
      },
      {
        "identity" : "orim",
        "map" : "fhir:CodeableConcept rdfs:subClassOf dt:CD"
      },
      {
        "identity" : "rim",
        "map" : "./type"
      }]
    },
    {
      "path" : "Organization.contact.name",
      "short" : "A name associated with the contact",
      "definition" : "A name associated with the contact.",
      "comment" : "Names may be changed, or repudiated, or people may have different names in different contexts. Names may be divided into parts of different type that have variable significance depending on context, though the division into parts does not always matter. With personal names, the different parts might or might not be imbued with some implicit meaning; various cultures associate different importance with the name parts and the degree to which systems must care about name parts around the world varies widely.",
      "requirements" : "Need to be able to track the person by name.",
      "min" : 0,
      "max" : "1",
      "type" : [{
        "code" : "HumanName"
      }],
      "constraint" : [{
        "key" : "ele-1",
        "severity" : "error",
        "human" : "All FHIR elements must have a @value or children",
        "expression" : "hasValue() or (children().count() > id.count())",
        "source" : "http://hl7.org/fhir/StructureDefinition/Element"
      }],
      "mustSupport" : false,
      "isModifier" : false,
      "isSummary" : false,
      "mapping" : [{
        "identity" : "rim",
        "map" : "n/a"
      },
      {
        "identity" : "v2",
        "map" : "XPN"
      },
      {
        "identity" : "rim",
        "map" : "EN (actually, PN)"
      },
      {
        "identity" : "servd",
        "map" : "ProviderName"
      },
      {
        "identity" : "v2",
        "map" : "PID-5, PID-9"
      },
      {
        "identity" : "rim",
        "map" : "./name"
      }]
    },
    {
      "path" : "Organization.contact.telecom",
      "short" : "Contact details (telephone, email, etc.)  for a contact",
      "definition" : "A contact detail (e.g. a telephone number or an email address) by which the party may be contacted.",
      "requirements" : "People have (primary) ways to contact them in some way such as phone, email.",
      "min" : 0,
      "max" : "*",
      "type" : [{
        "code" : "ContactPoint"
      }],
      "constraint" : [{
        "key" : "ele-1",
        "severity" : "error",
        "human" : "All FHIR elements must have a @value or children",
        "expression" : "hasValue() or (children().count() > id.count())",
        "source" : "http://hl7.org/fhir/StructureDefinition/Element"
      },
      {
        "key" : "cpt-2",
        "severity" : "error",
        "human" : "A system is required if a value is provided.",
        "expression" : "value.empty() or system.exists()",
        "source" : "http://hl7.org/fhir/StructureDefinition/HealthcareService"
      }],
      "mustSupport" : false,
      "isModifier" : false,
      "isSummary" : false,
      "mapping" : [{
        "identity" : "rim",
        "map" : "n/a"
      },
      {
        "identity" : "v2",
        "map" : "XTN"
      },
      {
        "identity" : "rim",
        "map" : "TEL"
      },
      {
        "identity" : "servd",
        "map" : "ContactPoint"
      },
      {
        "identity" : "v2",
        "map" : "PID-13, PID-14"
      },
      {
        "identity" : "rim",
        "map" : "./telecom"
      }]
    },
    {
      "path" : "Organization.contact.address",
      "short" : "Visiting or postal addresses for the contact",
      "definition" : "Visiting or postal addresses for the contact.",
      "comment" : "Note: address is intended to describe postal addresses for administrative purposes, not to describe absolute geographical coordinates.  Postal addresses are often used as proxies for physical locations (also see the [Location] resource).",
      "requirements" : "May need to keep track of a contact party's address for contacting, billing or reporting requirements.",
      "min" : 0,
      "max" : "1",
      "type" : [{
        "code" : "Address"
      }],
      "constraint" : [{
        "key" : "ele-1",
        "severity" : "error",
        "human" : "All FHIR elements must have a @value or children",
        "expression" : "hasValue() or (children().count() > id.count())",
        "source" : "http://hl7.org/fhir/StructureDefinition/Element"
      }],
      "mustSupport" : false,
      "isModifier" : false,
      "isSummary" : false,
      "mapping" : [{
        "identity" : "rim",
        "map" : "n/a"
      },
      {
        "identity" : "v2",
        "map" : "XAD"
      },
      {
        "identity" : "rim",
        "map" : "AD"
      },
      {
        "identity" : "servd",
        "map" : "Address"
      },
      {
        "identity" : "v2",
        "map" : "PID-11"
      },
      {
        "identity" : "rim",
        "map" : "./addr"
      }]
    },
    {
      "path" : "Organization.endpoint",
      "short" : "Technical endpoints providing access to services operated for the organization",
      "definition" : "Technical endpoints providing access to services operated for the organization.",
      "comment" : "References SHALL be a reference to an actual FHIR resource, and SHALL be resolveable (allowing for access control, temporary unavailability, etc.). Resolution can be either by retrieval from the URL, or, where applicable by resource type, by treating an absolute reference as a canonical URL and looking it up in a local registry/repository.",
      "requirements" : "Organizations have multiple systems that provide various services and need to be able to define the technical connection details for how to connect to them, and for what purpose.",
      "min" : 0,
      "max" : "0",
      "type" : [{
        "code" : "Reference",
        "targetProfile" : ["http://hl7.org/fhir/StructureDefinition/Endpoint"]
      }],
      "constraint" : [{
        "key" : "ele-1",
        "severity" : "error",
        "human" : "All FHIR elements must have a @value or children",
        "expression" : "hasValue() or (children().count() > id.count())",
        "source" : "http://hl7.org/fhir/StructureDefinition/Element"
      },
      {
        "key" : "ref-1",
        "severity" : "error",
        "human" : "SHALL have a contained resource if a local reference is provided",
        "expression" : "reference.startsWith('#').not() or (reference.substring(1).trace('url') in %rootResource.contained.id.trace('ids'))",
        "source" : "http://hl7.org/fhir/StructureDefinition/DetectedIssue"
      }],
      "mustSupport" : false,
      "isModifier" : false,
      "isSummary" : false,
      "mapping" : [{
        "identity" : "rim",
        "map" : "n/a"
      },
      {
        "identity" : "rim",
        "map" : "The target of a resource reference is a RIM entry point (Act, Role, or Entity)"
      }]
    }]
  }
}