{
  "resourceType" : "ValueSet",
  "id" : "d951ea5d-be28-4a0f-baf8-3dca446377e1-11",
  "url" : "http://hl7.org/fhir/comparison/ValueSet/d951ea5d-be28-4a0f-baf8-3dca446377e1-11",
  "name" : "UnionOrganizationtypeVSAndProcedurePerformerRoleCodes",
  "title" : "Union of ValueSet of Organizationtype Codes And Procedure Performer Role Codes",
  "status" : "draft",
  "date" : "2023-01-06T12:35:10+01:00",
  "compose" : {
    "include" : [{
      "concept" : [{
        "code" : "urn:oid:1.2.276.0.76.4.54",
        "display" : "Öffentliche Apotheke"
      }],
      "filter" : [{
        "property" : "concept",
        "op" : "is-a",
        "value" : "223366009"
      }]
    }]
  }
}