{
  "resourceType" : "StructureDefinition",
  "id" : "5ff425d4-54c2-401f-a1fe-83c2e9231e72-11",
  "url" : "http://hl7.org/fhir/comparison/StructureDefinition/5ff425d4-54c2-401f-a1fe-83c2e9231e72-11",
  "name" : "UnionAddressDeBasisAndAddressDeBasis",
  "title" : "Union of Adresse, deutsches Basisprofil And Adresse, deutsches Basisprofil",
  "status" : "draft",
  "date" : "2023-01-06T13:29:38+01:00",
  "snapshot" : {
    "element" : [{
      "path" : "Address",
      "short" : "Eine Adresse gemäß postalischer Konventionen",
      "definition" : "Eine Adresse gemäß postalischer Konventionen (im Gegensatz zu bspw. GPS-Koordinaten). Die Adresse kann sowohl zur Zustellung von Postsendungen oder zum Aufsuchen von Orten, die keine gültige Postadresse haben, verwendet werden.\r\n\r\nDie verwendeten Extensions in diesem Profil bilden die Struktur der Adresse ab, wie sie im VSDM-Format der elektronischen Versichertenkarte verwendet wird.\r\n\r\nInsbesondere bei ausländischen Adresse oder Adressen, die nicht durch Einlesen einer elektronischen Versichertenkarte erfasst wurden, sind abweichende Strukturen möglich. Die Verwendung der Extensions ist nicht verpflichtend.",
      "comment" : "Note: address is intended to describe postal addresses for administrative purposes, not to describe absolute geographical coordinates.  Postal addresses are often used as proxies for physical locations (also see the [Location] resource).",
      "min" : 0,
      "max" : "*",
      "example" : [{
        "label" : "Beispiel für einfache Adresse",
        "valueAddress" : {
          "use" : "home",
          "type" : "postal",
          "line" : ["Musterweg 42"],
          "city" : "Musterhausen",
          "postalCode" : "99999"
        }
      }],
      "constraint" : [{
        "key" : "ele-1",
        "severity" : "error",
        "human" : "All FHIR elements must have a @value or children",
        "expression" : "hasValue() or (children().count() > id.count())",
        "source" : "http://hl7.org/fhir/StructureDefinition/Element"
      },
      {
        "key" : "add-1",
        "severity" : "error",
        "human" : "Wenn die Extension 'Hausnummer' verwendet wird, muss auch Address.line gefüllt werden",
        "expression" : "line.all($this.extension('http://hl7.org/fhir/StructureDefinition/iso21090-ADXP-houseNumber').empty() or $this.hasValue())",
        "source" : "http://fhir.de/StructureDefinition/address-de-basis"
      },
      {
        "key" : "add-2",
        "severity" : "error",
        "human" : "Wenn die Extension 'Strasse' verwendet wird, muss auch Address.line gefüllt werden",
        "expression" : "line.all($this.extension('http://hl7.org/fhir/StructureDefinition/iso21090-ADXP-streetName').empty() or $this.hasValue())",
        "source" : "http://fhir.de/StructureDefinition/address-de-basis"
      },
      {
        "key" : "add-3",
        "severity" : "error",
        "human" : "Wenn die Extension 'Postfach' verwendet wird, muss auch Address.line gefüllt werden",
        "expression" : "line.all($this.extension('http://hl7.org/fhir/StructureDefinition/iso21090-ADXP-postBox').empty() or $this.hasValue())",
        "source" : "http://fhir.de/StructureDefinition/address-de-basis"
      },
      {
        "key" : "add-4",
        "severity" : "warning",
        "human" : "Eine Postfach-Adresse darf nicht vom Type \"physical\" oder \"both\" sein.",
        "expression" : "line.all($this.extension('http://hl7.org/fhir/StructureDefinition/iso21090-ADXP-postBox').empty() or $this.hasValue()) or type='postal' or type.empty()",
        "source" : "http://fhir.de/StructureDefinition/address-de-basis"
      },
      {
        "key" : "add-5",
        "severity" : "error",
        "human" : "Wenn die Extension 'Adresszusatz' verwendet wird, muss auch Address.line gefüllt werden",
        "expression" : "line.all($this.extension('http://hl7.org/fhir/StructureDefinition/iso21090-ADXP-additionalLocator').empty() or $this.hasValue())",
        "source" : "http://fhir.de/StructureDefinition/address-de-basis"
      },
      {
        "key" : "add-6",
        "severity" : "warning",
        "human" : "Wenn die Extension 'Postfach' verwendet wird, dürfen die Extensions 'Strasse' und 'Hausnummer' nicht verwendet werden",
        "expression" : "line.all($this.extension('http://hl7.org/fhir/StructureDefinition/iso21090-ADXP-postBox').empty() or ($this.extension('http://hl7.org/fhir/StructureDefinition/iso21090-ADXP-streetName').empty() and $this.extension('http://hl7.org/fhir/StructureDefinition/iso21090-ADXP-houseNumber').empty()))",
        "source" : "http://fhir.de/StructureDefinition/address-de-basis"
      },
      {
        "key" : "add-7",
        "severity" : "warning",
        "human" : "Wenn die Extension 'Precinct' (Stadtteil) verwendet wird, dann muss diese Information auch als separates line-item abgebildet sein.",
        "expression" : "extension('http://hl7.org/fhir/StructureDefinition/iso21090-ADXP-precinct').empty() or line.where(extension('http://hl7.org/fhir/StructureDefinition/iso21090-ADXP-precinct').valueString=$this).exists()",
        "source" : "http://fhir.de/StructureDefinition/address-de-basis"
      }],
      "mustSupport" : false,
      "isModifier" : false,
      "isSummary" : false,
      "mapping" : [{
        "identity" : "rim",
        "map" : "n/a"
      },
      {
        "identity" : "v2",
        "map" : "XAD"
      },
      {
        "identity" : "rim",
        "map" : "AD"
      },
      {
        "identity" : "servd",
        "map" : "Address"
      }]
    },
    {
      "path" : "Address.id",
      "representation" : ["xmlAttr"],
      "short" : "Unique id for inter-element referencing",
      "definition" : "Unique id for the element within a resource (for internal references). This may be any string value that does not contain spaces.",
      "min" : 0,
      "max" : "1",
      "type" : [{
        "extension" : [{
          "url" : "http://hl7.org/fhir/StructureDefinition/structuredefinition-fhir-type",
          "valueUrl" : "string"
        }],
        "code" : "http://hl7.org/fhirpath/System.String"
      }],
      "mustSupport" : false,
      "isModifier" : false,
      "isSummary" : false,
      "mapping" : [{
        "identity" : "rim",
        "map" : "n/a"
      }]
    },
    {
      "path" : "Address.extension",
      "short" : "left: Extension; right: Additional content defined by implementations",
      "definition" : "left: An Extension; right: May be used to represent additional information that is not part of the basic definition of the element. To make the use of extensions safe and manageable, there is a strict set of governance  applied to the definition and use of extensions. Though any implementer can define an extension, there is a set of requirements that SHALL be met as part of the definition of the extension.",
      "comment" : "There can be no stigma associated with the use of extensions by any application, project, or standard - regardless of the institution or jurisdiction that uses or defines the extensions.  The use of extensions is what allows the FHIR specification to retain a core level of simplicity for everyone.",
      "alias" : ["extensions",
      "user content"],
      "min" : 0,
      "max" : "*",
      "type" : [{
        "code" : "Extension"
      }],
      "constraint" : [{
        "key" : "ele-1",
        "severity" : "error",
        "human" : "All FHIR elements must have a @value or children",
        "expression" : "hasValue() or (children().count() > id.count())",
        "source" : "http://hl7.org/fhir/StructureDefinition/Element"
      },
      {
        "key" : "ext-1",
        "severity" : "error",
        "human" : "Must have either extensions or value[x], not both",
        "expression" : "extension.exists() != value.exists()",
        "source" : "http://hl7.org/fhir/StructureDefinition/DomainResource"
      }],
      "mustSupport" : false,
      "isModifier" : false,
      "isSummary" : false,
      "mapping" : [{
        "identity" : "rim",
        "map" : "n/a"
      },
      {
        "identity" : "rim",
        "map" : "N/A"
      }]
    },
    {
      "path" : "Address.use",
      "short" : "home | work | temp | old | billing - purpose of this address",
      "definition" : "The purpose of this address.",
      "comment" : "Applications can assume that an address is current unless it explicitly says that it is temporary or old.",
      "requirements" : "Allows an appropriate address to be chosen from a list of many.",
      "min" : 0,
      "max" : "1",
      "type" : [{
        "code" : "code"
      }],
      "example" : [{
        "label" : "General",
        "valueCode" : "home"
      }],
      "constraint" : [{
        "key" : "ele-1",
        "severity" : "error",
        "human" : "All FHIR elements must have a @value or children",
        "expression" : "hasValue() or (children().count() > id.count())",
        "source" : "http://hl7.org/fhir/StructureDefinition/Element"
      }],
      "mustSupport" : false,
      "isModifier" : true,
      "isSummary" : true,
      "binding" : {
        "strength" : "required",
        "description" : "The use of an address.",
        "valueSet" : "http://hl7.org/fhir/ValueSet/address-use|4.0.1"
      },
      "mapping" : [{
        "identity" : "rim",
        "map" : "n/a"
      },
      {
        "identity" : "v2",
        "map" : "XAD.7"
      },
      {
        "identity" : "rim",
        "map" : "unique(./use)"
      },
      {
        "identity" : "servd",
        "map" : "./AddressPurpose"
      }]
    },
    {
      "path" : "Address.type",
      "short" : "postal | physical | both",
      "definition" : "Distinguishes between physical addresses (those you can visit) and mailing addresses (e.g. PO Boxes and care-of addresses). Most addresses are both.",
      "comment" : "The definition of Address states that \"address is intended to describe postal addresses, not physical locations\". However, many applications track whether an address has a dual purpose of being a location that can be visited as well as being a valid delivery destination, and Postal addresses are often used as proxies for physical locations (also see the [Location] resource).",
      "min" : 0,
      "max" : "1",
      "type" : [{
        "code" : "code"
      }],
      "example" : [{
        "label" : "General",
        "valueCode" : "both"
      }],
      "constraint" : [{
        "key" : "ele-1",
        "severity" : "error",
        "human" : "All FHIR elements must have a @value or children",
        "expression" : "hasValue() or (children().count() > id.count())",
        "source" : "http://hl7.org/fhir/StructureDefinition/Element"
      }],
      "mustSupport" : false,
      "isModifier" : false,
      "isSummary" : true,
      "binding" : {
        "strength" : "required",
        "description" : "The type of an address (physical / postal).",
        "valueSet" : "http://hl7.org/fhir/ValueSet/address-type|4.0.1"
      },
      "mapping" : [{
        "identity" : "rim",
        "map" : "n/a"
      },
      {
        "identity" : "v2",
        "map" : "XAD.18"
      },
      {
        "identity" : "rim",
        "map" : "unique(./use)"
      },
      {
        "identity" : "vcard",
        "map" : "address type parameter"
      },
      {
        "identity" : "BDT",
        "map" : "1202 (1=physical, 2=postal)"
      }]
    },
    {
      "path" : "Address.text",
      "short" : "Text representation of the address",
      "definition" : "Specifies the entire address as it should be displayed e.g. on a postal label. This may be provided instead of or as well as the specific parts.",
      "comment" : "Can provide both a text representation and parts. Applications updating an address SHALL ensure that  when both text and parts are present,  no content is included in the text that isn't found in a part.",
      "requirements" : "A renderable, unencoded form.",
      "min" : 0,
      "max" : "1",
      "type" : [{
        "code" : "string"
      }],
      "example" : [{
        "label" : "General",
        "valueString" : "137 Nowhere Street, Erewhon 9132"
      }],
      "constraint" : [{
        "key" : "ele-1",
        "severity" : "error",
        "human" : "All FHIR elements must have a @value or children",
        "expression" : "hasValue() or (children().count() > id.count())",
        "source" : "http://hl7.org/fhir/StructureDefinition/Element"
      }],
      "mustSupport" : false,
      "isModifier" : false,
      "isSummary" : true,
      "mapping" : [{
        "identity" : "rim",
        "map" : "n/a"
      },
      {
        "identity" : "v2",
        "map" : "XAD.1 + XAD.2 + XAD.3 + XAD.4 + XAD.5 + XAD.6"
      },
      {
        "identity" : "rim",
        "map" : "./formatted"
      },
      {
        "identity" : "vcard",
        "map" : "address label parameter"
      }]
    },
    {
      "path" : "Address.line",
      "short" : "Straßenname mit Hausnummer oder Postfach sowie weitere Angaben zur Zustellung",
      "definition" : "Diese Komponente kann Straßennamen, Hausnummer, Appartmentnummer, Postfach, c/o sowie weitere Zustellungshinweise enthalten. Die Informationen können in mehrere line-Komponenten aufgeteilt werden.\r\nBei Verwendung der Extensions, um Straße, Hausnnummer und Postleitzahl strukturiert zu übermitteln, müssen diese Informationen stets vollständig auch in der line-Komponente, die sie erweitern, enthalten sein, um es Systemen, die diese Extensions nicht verwenden zu ermöglichen, auf diese Informationen zugreifen zu können.",
      "comment" : "Note that FHIR strings SHALL NOT exceed 1MB in size",
      "min" : 0,
      "max" : "*",
      "type" : [{
        "code" : "string"
      }],
      "example" : [{
        "label" : "General",
        "valueString" : "137 Nowhere Street"
      },
      {
        "label" : "Beipiel für Adresszeile mit Extensions für Straße und Hausnummer",
        "valueString" : "Musterweg 42",
        "_valueString" : {
          "extension" : [{
            "url" : "http://hl7.org/fhir/StructureDefinition/iso21090-ADXP-streetName",
            "valueString" : "Musterweg 42"
          },
          {
            "url" : "http://hl7.org/fhir/StructureDefinition/iso21090-ADXP-houseNumber",
            "valueString" : "42"
          }]
        }
      }],
      "constraint" : [{
        "key" : "ele-1",
        "severity" : "error",
        "human" : "All FHIR elements must have a @value or children",
        "expression" : "hasValue() or (children().count() > id.count())",
        "source" : "http://hl7.org/fhir/StructureDefinition/Element"
      }],
      "mustSupport" : false,
      "isModifier" : false,
      "isSummary" : true,
      "mapping" : [{
        "identity" : "rim",
        "map" : "n/a"
      },
      {
        "identity" : "v2",
        "map" : "XAD.1 + XAD.2 (note: XAD.1 and XAD.2 have different meanings for a company address than for a person address)"
      },
      {
        "identity" : "rim",
        "map" : "AD.part[parttype = AL]"
      },
      {
        "identity" : "vcard",
        "map" : "street"
      },
      {
        "identity" : "servd",
        "map" : "./StreetAddress (newline delimitted)"
      },
      {
        "identity" : "KVDT",
        "map" : "3107 + 3109 + 3115 oder 3123"
      },
      {
        "identity" : "BDT",
        "map" : "3107 + 3109 + 3115 oder 3123"
      }]
    },
    {
      "path" : "Address.line.id",
      "representation" : ["xmlAttr"],
      "short" : "Unique id for inter-element referencing",
      "definition" : "Unique id for the element within a resource (for internal references). This may be any string value that does not contain spaces.",
      "min" : 0,
      "max" : "1",
      "type" : [{
        "extension" : [{
          "url" : "http://hl7.org/fhir/StructureDefinition/structuredefinition-fhir-type",
          "valueUrl" : "string"
        }],
        "code" : "http://hl7.org/fhirpath/System.String"
      }],
      "mustSupport" : false,
      "isModifier" : false,
      "isSummary" : false,
      "mapping" : [{
        "identity" : "rim",
        "map" : "n/a"
      }]
    },
    {
      "path" : "Address.line.extension",
      "short" : "left: Extension; right: Additional content defined by implementations",
      "definition" : "left: An Extension; right: May be used to represent additional information that is not part of the basic definition of the element. To make the use of extensions safe and manageable, there is a strict set of governance  applied to the definition and use of extensions. Though any implementer can define an extension, there is a set of requirements that SHALL be met as part of the definition of the extension.",
      "comment" : "There can be no stigma associated with the use of extensions by any application, project, or standard - regardless of the institution or jurisdiction that uses or defines the extensions.  The use of extensions is what allows the FHIR specification to retain a core level of simplicity for everyone.",
      "alias" : ["extensions",
      "user content"],
      "min" : 0,
      "max" : "*",
      "type" : [{
        "code" : "Extension"
      }],
      "constraint" : [{
        "key" : "ele-1",
        "severity" : "error",
        "human" : "All FHIR elements must have a @value or children",
        "expression" : "hasValue() or (children().count() > id.count())",
        "source" : "http://hl7.org/fhir/StructureDefinition/Element"
      },
      {
        "key" : "ext-1",
        "severity" : "error",
        "human" : "Must have either extensions or value[x], not both",
        "expression" : "extension.exists() != value.exists()",
        "source" : "http://hl7.org/fhir/StructureDefinition/DomainResource"
      }],
      "mustSupport" : false,
      "isModifier" : false,
      "isSummary" : false,
      "mapping" : [{
        "identity" : "rim",
        "map" : "n/a"
      },
      {
        "identity" : "rim",
        "map" : "N/A"
      }]
    },
    {
      "path" : "Address.line.value",
      "representation" : ["xmlAttr"],
      "short" : "Primitive value for string",
      "definition" : "Primitive value for string",
      "min" : 0,
      "max" : "1",
      "type" : [{
        "extension" : [{
          "url" : "http://hl7.org/fhir/StructureDefinition/structuredefinition-fhir-type",
          "valueUrl" : "string"
        },
        {
          "url" : "http://hl7.org/fhir/StructureDefinition/regex",
          "valueString" : "[ \\r\\n\\t\\S]+"
        }],
        "code" : "http://hl7.org/fhirpath/System.String"
      }],
      "maxLength" : 1048576,
      "mustSupport" : false,
      "isModifier" : false,
      "isSummary" : false
    },
    {
      "path" : "Address.city",
      "short" : "Name of city, town etc.",
      "definition" : "The name of the city, town, suburb, village or other community or delivery center.",
      "comment" : "Note that FHIR strings SHALL NOT exceed 1MB in size",
      "alias" : ["Municpality"],
      "min" : 0,
      "max" : "1",
      "type" : [{
        "code" : "string"
      }],
      "example" : [{
        "label" : "General",
        "valueString" : "Erewhon"
      }],
      "constraint" : [{
        "key" : "ele-1",
        "severity" : "error",
        "human" : "All FHIR elements must have a @value or children",
        "expression" : "hasValue() or (children().count() > id.count())",
        "source" : "http://hl7.org/fhir/StructureDefinition/Element"
      }],
      "mustSupport" : false,
      "isModifier" : false,
      "isSummary" : true,
      "mapping" : [{
        "identity" : "rim",
        "map" : "n/a"
      },
      {
        "identity" : "v2",
        "map" : "XAD.3"
      },
      {
        "identity" : "rim",
        "map" : "AD.part[parttype = CTY]"
      },
      {
        "identity" : "vcard",
        "map" : "locality"
      },
      {
        "identity" : "servd",
        "map" : "./Jurisdiction"
      },
      {
        "identity" : "BDT",
        "map" : "3113 oder 3122 (Postfach)"
      },
      {
        "identity" : "KVDT",
        "map" : "3113 oder 3122 (Postfach)"
      }]
    },
    {
      "path" : "Address.district",
      "short" : "District name (aka county)",
      "definition" : "The name of the administrative area (county).",
      "comment" : "District is sometimes known as county, but in some regions 'county' is used in place of city (municipality), so county name should be conveyed in city instead.",
      "alias" : ["County"],
      "min" : 0,
      "max" : "0",
      "type" : [{
        "code" : "string"
      }],
      "example" : [{
        "label" : "General",
        "valueString" : "Madison"
      }],
      "constraint" : [{
        "key" : "ele-1",
        "severity" : "error",
        "human" : "All FHIR elements must have a @value or children",
        "expression" : "hasValue() or (children().count() > id.count())",
        "source" : "http://hl7.org/fhir/StructureDefinition/Element"
      }],
      "mustSupport" : false,
      "isModifier" : false,
      "isSummary" : true,
      "mapping" : [{
        "identity" : "rim",
        "map" : "n/a"
      },
      {
        "identity" : "v2",
        "map" : "XAD.9"
      },
      {
        "identity" : "rim",
        "map" : "AD.part[parttype = CNT | CPA]"
      }]
    },
    {
      "path" : "Address.state",
      "short" : "Bundesland",
      "definition" : "Name (oder Kürzel) des Bundeslandes.",
      "comment" : "Note that FHIR strings SHALL NOT exceed 1MB in size",
      "alias" : ["Province",
      "Territory"],
      "min" : 0,
      "max" : "1",
      "type" : [{
        "code" : "string"
      }],
      "constraint" : [{
        "key" : "ele-1",
        "severity" : "error",
        "human" : "All FHIR elements must have a @value or children",
        "expression" : "hasValue() or (children().count() > id.count())",
        "source" : "http://hl7.org/fhir/StructureDefinition/Element"
      }],
      "mustSupport" : false,
      "isModifier" : false,
      "isSummary" : true,
      "binding" : {
        "strength" : "preferred",
        "valueSet" : "http://fhir.de/ValueSet/iso/bundeslaender"
      },
      "mapping" : [{
        "identity" : "rim",
        "map" : "n/a"
      },
      {
        "identity" : "v2",
        "map" : "XAD.4"
      },
      {
        "identity" : "rim",
        "map" : "AD.part[parttype = STA]"
      },
      {
        "identity" : "vcard",
        "map" : "region"
      },
      {
        "identity" : "servd",
        "map" : "./Region"
      }]
    },
    {
      "path" : "Address.postalCode",
      "short" : "Postleitzahl",
      "definition" : "Postleitzahl gemäß der im jeweiligen Land gültigen Konventionen",
      "comment" : "Note that FHIR strings SHALL NOT exceed 1MB in size",
      "alias" : ["Zip"],
      "min" : 0,
      "max" : "1",
      "type" : [{
        "code" : "string"
      }],
      "example" : [{
        "label" : "General",
        "valueString" : "9132"
      }],
      "constraint" : [{
        "key" : "ele-1",
        "severity" : "error",
        "human" : "All FHIR elements must have a @value or children",
        "expression" : "hasValue() or (children().count() > id.count())",
        "source" : "http://hl7.org/fhir/StructureDefinition/Element"
      }],
      "mustSupport" : false,
      "isModifier" : false,
      "isSummary" : true,
      "mapping" : [{
        "identity" : "rim",
        "map" : "n/a"
      },
      {
        "identity" : "v2",
        "map" : "XAD.5"
      },
      {
        "identity" : "rim",
        "map" : "AD.part[parttype = ZIP]"
      },
      {
        "identity" : "vcard",
        "map" : "code"
      },
      {
        "identity" : "servd",
        "map" : "./PostalIdentificationCode"
      },
      {
        "identity" : "BDT",
        "map" : "3112 oder 3121 (Postfach)"
      },
      {
        "identity" : "KVDT",
        "map" : "3112 oder 3121 (Postfach)"
      }]
    },
    {
      "path" : "Address.country",
      "short" : "Staat",
      "definition" : "Staat (vorzugsweise als 2-Stelliger ISO-Ländercode).\r\nEs obliegt abgeleiteten Profilen, hier die Verwendung der ISO-Ländercodes verbindlich vorzuschreiben",
      "comment" : "ISO 3166 3 letter codes can be used in place of a human readable country name.",
      "min" : 0,
      "max" : "1",
      "type" : [{
        "code" : "string"
      }],
      "constraint" : [{
        "key" : "ele-1",
        "severity" : "error",
        "human" : "All FHIR elements must have a @value or children",
        "expression" : "hasValue() or (children().count() > id.count())",
        "source" : "http://hl7.org/fhir/StructureDefinition/Element"
      }],
      "mustSupport" : false,
      "isModifier" : false,
      "isSummary" : true,
      "binding" : {
        "strength" : "preferred",
        "valueSet" : "http://hl7.org/fhir/ValueSet/iso3166-1-2"
      },
      "mapping" : [{
        "identity" : "rim",
        "map" : "n/a"
      },
      {
        "identity" : "v2",
        "map" : "XAD.6"
      },
      {
        "identity" : "rim",
        "map" : "AD.part[parttype = CNT]"
      },
      {
        "identity" : "vcard",
        "map" : "country"
      },
      {
        "identity" : "servd",
        "map" : "./Country"
      },
      {
        "identity" : "BDT",
        "map" : "3114 oder 3124 (Postfach), abweichendes CodeSystem"
      },
      {
        "identity" : "KVDT",
        "map" : "3114 oder 3124 (Postfach), abweichendes CodeSystem"
      }]
    },
    {
      "path" : "Address.period",
      "short" : "Time period when address was/is in use",
      "definition" : "Time period when address was/is in use.",
      "comment" : "A Period specifies a range of time; the context of use will specify whether the entire range applies (e.g. \"the patient was an inpatient of the hospital for this time range\") or one value from the range applies (e.g. \"give to the patient between these two times\").\n\nPeriod is not used for a duration (a measure of elapsed time). See [Duration].",
      "requirements" : "Allows addresses to be placed in historical context.",
      "min" : 0,
      "max" : "1",
      "type" : [{
        "code" : "Period"
      }],
      "example" : [{
        "label" : "General",
        "valuePeriod" : {
          "start" : "2010-03-23",
          "end" : "2010-07-01"
        }
      }],
      "constraint" : [{
        "key" : "ele-1",
        "severity" : "error",
        "human" : "All FHIR elements must have a @value or children",
        "expression" : "hasValue() or (children().count() > id.count())",
        "source" : "http://hl7.org/fhir/StructureDefinition/Element"
      },
      {
        "key" : "per-1",
        "severity" : "error",
        "human" : "If present, start SHALL have a lower value than end",
        "expression" : "start.hasValue().not() or end.hasValue().not() or (start <= end)",
        "source" : "http://hl7.org/fhir/StructureDefinition/EffectEvidenceSynthesis"
      }],
      "mustSupport" : false,
      "isModifier" : false,
      "isSummary" : true,
      "mapping" : [{
        "identity" : "rim",
        "map" : "n/a"
      },
      {
        "identity" : "v2",
        "map" : "DR"
      },
      {
        "identity" : "rim",
        "map" : "IVL<TS>[lowClosed=\"true\" and highClosed=\"true\"] or URG<TS>[lowClosed=\"true\" and highClosed=\"true\"]"
      },
      {
        "identity" : "v2",
        "map" : "XAD.12 / XAD.13 + XAD.14"
      },
      {
        "identity" : "rim",
        "map" : "./usablePeriod[type=\"IVL<TS>\"]"
      },
      {
        "identity" : "servd",
        "map" : "./StartDate and ./EndDate"
      }]
    },
    {
      "path" : "Address.period.id",
      "representation" : ["xmlAttr"],
      "short" : "Unique id for inter-element referencing",
      "definition" : "Unique id for the element within a resource (for internal references). This may be any string value that does not contain spaces.",
      "min" : 0,
      "max" : "1",
      "type" : [{
        "extension" : [{
          "url" : "http://hl7.org/fhir/StructureDefinition/structuredefinition-fhir-type",
          "valueUrl" : "string"
        }],
        "code" : "http://hl7.org/fhirpath/System.String"
      }],
      "mustSupport" : false,
      "isModifier" : false,
      "isSummary" : false,
      "mapping" : [{
        "identity" : "rim",
        "map" : "n/a"
      }]
    },
    {
      "path" : "Address.period.extension",
      "short" : "Additional content defined by implementations",
      "definition" : "May be used to represent additional information that is not part of the basic definition of the element. To make the use of extensions safe and manageable, there is a strict set of governance  applied to the definition and use of extensions. Though any implementer can define an extension, there is a set of requirements that SHALL be met as part of the definition of the extension.",
      "comment" : "There can be no stigma associated with the use of extensions by any application, project, or standard - regardless of the institution or jurisdiction that uses or defines the extensions.  The use of extensions is what allows the FHIR specification to retain a core level of simplicity for everyone.",
      "alias" : ["extensions",
      "user content"],
      "min" : 0,
      "max" : "*",
      "type" : [{
        "code" : "Extension"
      }],
      "constraint" : [{
        "key" : "ele-1",
        "severity" : "error",
        "human" : "All FHIR elements must have a @value or children",
        "expression" : "hasValue() or (children().count() > id.count())",
        "source" : "http://hl7.org/fhir/StructureDefinition/Element"
      },
      {
        "key" : "ext-1",
        "severity" : "error",
        "human" : "Must have either extensions or value[x], not both",
        "expression" : "extension.exists() != value.exists()",
        "source" : "http://hl7.org/fhir/StructureDefinition/DomainResource"
      }],
      "mustSupport" : false,
      "isModifier" : false,
      "isSummary" : false,
      "mapping" : [{
        "identity" : "rim",
        "map" : "n/a"
      },
      {
        "identity" : "rim",
        "map" : "N/A"
      }]
    },
    {
      "path" : "Address.period.start",
      "short" : "Starting time with inclusive boundary",
      "definition" : "The start of the period. The boundary is inclusive.",
      "comment" : "If the low element is missing, the meaning is that the low boundary is not known.",
      "min" : 0,
      "max" : "1",
      "type" : [{
        "code" : "dateTime"
      }],
      "constraint" : [{
        "key" : "ele-1",
        "severity" : "error",
        "human" : "All FHIR elements must have a @value or children",
        "expression" : "hasValue() or (children().count() > id.count())",
        "source" : "http://hl7.org/fhir/StructureDefinition/Element"
      }],
      "mustSupport" : false,
      "isModifier" : false,
      "isSummary" : true,
      "mapping" : [{
        "identity" : "rim",
        "map" : "n/a"
      },
      {
        "identity" : "v2",
        "map" : "DR.1"
      },
      {
        "identity" : "rim",
        "map" : "./low"
      },
      {
        "identity" : "BDT",
        "map" : "8226"
      }]
    },
    {
      "path" : "Address.period.end",
      "short" : "End time with inclusive boundary, if not ongoing",
      "definition" : "The end of the period. If the end of the period is missing, it means no end was known or planned at the time the instance was created. The start may be in the past, and the end date in the future, which means that period is expected/planned to end at that time.",
      "comment" : "The high value includes any matching date/time. i.e. 2012-02-03T10:00:00 is in a period that has an end value of 2012-02-03.",
      "min" : 0,
      "max" : "1",
      "type" : [{
        "code" : "dateTime"
      }],
      "meaningWhenMissing" : "If the end of the period is missing, it means that the period is ongoing",
      "constraint" : [{
        "key" : "ele-1",
        "severity" : "error",
        "human" : "All FHIR elements must have a @value or children",
        "expression" : "hasValue() or (children().count() > id.count())",
        "source" : "http://hl7.org/fhir/StructureDefinition/Element"
      }],
      "mustSupport" : false,
      "isModifier" : false,
      "isSummary" : true,
      "mapping" : [{
        "identity" : "rim",
        "map" : "n/a"
      },
      {
        "identity" : "v2",
        "map" : "DR.2"
      },
      {
        "identity" : "rim",
        "map" : "./high"
      },
      {
        "identity" : "BDT",
        "map" : "8227"
      }]
    }]
  }
}