{
  "resourceType" : "ValueSet",
  "id" : "8aa2b0f6-a95c-476a-ad07-69d8f6f0f373-11",
  "url" : "http://hl7.org/fhir/comparison/ValueSet/8aa2b0f6-a95c-476a-ad07-69d8f6f0f373-11",
  "name" : "UnionOrganizationtypeVSAndProcedurePerformerRoleCodes",
  "title" : "Union of ValueSet of Organizationtype Codes And Procedure Performer Role Codes",
  "status" : "draft",
  "date" : "2023-01-06T12:38:46+01:00",
  "compose" : {
    "include" : [{
      "concept" : [{
        "code" : "urn:oid:1.2.276.0.76.4.54",
        "display" : "Öffentliche Apotheke"
      }],
      "filter" : [{
        "property" : "concept",
        "op" : "is-a",
        "value" : "223366009"
      }]
    }]
  }
}